FORMA|KEY|SIGL
coment|coment|p
paris|paris1|p
et|et|p
sa|sa|p
##|##
conpaignie|conpaignie|p
se|se1|p
mistrent|mistrent|p
en|en|p
mer|mer|p
##|##
or|or|p
dit|dit|p
li|li|p
contes|contes|p
que|que|p
##|##
,|,|p
quant|quant|p
paris|paris1|p
et|et|p
sa|sa|p
##|##
conpaignie|conpaignie|p
furent|furent1|p
en_si|en_si|p
atornés|atornés1|p
com|com|p
##|##
je|je|p
vos|vos|p
ai|ai1|p
dit|dit4|p
,|,|p
##|##
il|il1|p
se|se1|p
mistrent|mistrent|p
de_denz|de_denz|p
lor|lor5|p
##|##
nes|nes1|p
,|,|p
qi|qi|p
bien|bien4|p
furent|furent4|p
##|##
dui_mile|dui_mile|p
chevaliers|chevaliers2|p
preus|preus1|p
et|et|p
hardis|hardis1|p
##|##
et|et|p
conbatans|conbatans|p
.|.|p
li|li|p
roi|roi|p
##|##
priant|priant|p
lor|lor4|p
parla|parla|p
et|et|p
dist|dist|p
##|##
en_tel_mainiere|en_tel_mainiere|p
:|:|p
"|"||p
biauz|biauz4|p
seignors|seignors|p
,|,|p
##|##
fist|fist|p
il|il|p
,|,|p
je|je|p
vos|vos|p
##|##
pri|pri|p
et|et|p
reqier|reqier|p
moult|moult|p
doucement|doucement|p
##|##
,|,|p
tant_com|tant_com|p
je|je|p
plus|plus|p
puis|puis1|p
##|##
,|,|p
qe|qe3|p
vos|vos1|p
soïés|soïés|p
preus|preus1|p
##|##
et|et|p
ardis|ardis1|p
et|et|p
conbatans|conbatans|p
à|à|p
##|##
prendre|prendre|p
vengiance|vengiance|p
de|de|p
la|la|p
honte|honte|p
##|##
qe|qe1|p
les|les|p
gresois|gresois2|p
nos|nos1|p
ont|ont1|p
##|##
fete|fete|p
.|.|p
vos|vos1|p
avés|avés1|p
le|le|p
##|##
droit|droit1|p
devers|devers|p
vos|vos|p
et|et|p
il|il1|p
##|##
ont|ont|p
le|le|p
tort|tort|p
et|et|p
por_ce|por_ce|p
##|##
devés|devés|p
estre|estre3|p
plus|plus|p
seürs|seürs|p
de|de|p
##|##
vaincre|vaincre|p
vostre|vostre7|p
henemis|henemis|p
que|que|p
si|si|p
##|##
ferés|ferés|p
si_com|si_com|p
je|je|p
cuit|cuit1|p
.|.|p
##|##
paris|paris1|p
,|,|p
qi|qi|p
ensi|ensi|p
est|est|p
##|##
,|,|p
sera|sera3|p
vostre|vostre|p
cheveitane|cheveitane|p
,|,|p
##|##
avec|avec|p
lui|lui|p
sera|sera|p
deiphebus|deiphebus|p
et|et|p
##|##
heneas|heneas|p
et|et|p
polidamas|polidamas|p
,|,|p
qi|qi|p
##|##
bien|bien4|p
savront|savront1|p
consoillier|consoillier2|p
paris|paris|p
et|et|p
##|##
vos|vos|p
ausi|ausi|p
.|.|p
et|et|p
les|les|p
##|##
diex|diex1|p
vos|vos|p
doïnent|doïnent|p
tant_de|tant_de|p
grace|grace|p
##|##
qe|qe3|p
vos|vos1|p
ma|ma|p
suor|suor|p
esionan|esionan|p
##|##
puissiés|puissiés|p
avoir|avoir|p
,|,|p
de_part_diex|de_part_diex|p
soit|soit|p
##|##
.|.|p
et|et|p
se|se2|p
avoir|avoir|p
ne|ne|p
##|##
la|la1|p
poés|poés|p
,|,|p
si|si|p
me|me|p
##|##
mandés|mandés|p
tan_tost|tan_tost|p
vostre|vostre1|p
mesaje|mesaje1|p
et|et|p
##|##
je|je|p
vos|vos|p
en|en|p
promet|promet|p
qe|qe3|p
##|##
je|je|p
vos|vos|p
envoierai|envoierai|p
tel|tel2|p
secors|secors|p
##|##
et|et|p
si|si|p
fors|fors4|p
q’|q’1|p
il|il2|p
##|##
nen|nen|p
avra|avra2|p
en|en|p
grese|grese|p
si|si|p
##|##
fort|fort4|p
chastel|chastel1|p
ne|ne|p
si|si|p
forte|forte|p
##|##
cité|cité|p
q’|q’|p
il|il1|p
ne|ne|p
preignent|preignent|p
##|##
à|à|p
force|force|p
et|et|p
ne|ne|p
l’|l’5|p
##|##
abatent|abatent1|p
"|"||p
.|.|p
autre|autre1|p
parlement|parlement|p
##|##
ne|ne|p
tint|tint|p
li|li|p
roi|roi|p
à_cele_fois|à_cele_fois|p
##|##
ho|ho|p
els|els1|p
.|.|p
l’|l’|p
air|air1|p
##|##
estoit|estoit1|p
adonc|adonc|p
cler|cler|p
et|et|p
serin|serin|p
##|##
en_si_com|en_si_com|p
fet|fet1|p
en|en|p
mai|mai|p
,|,|p
##|##
et|et|p
l’|l’|p
ore|ore|p
vencoit|vencoit|p
adonc|adonc|p
##|##
doux|doux|p
et|et|p
soëf|soëf|p
.|.|p
il|il1|p
##|##
pristrent|pristrent|p
de|de|p
lor|lor6|p
amis|amis3|p
conjé|conjé|p
##|##
,|,|p
si|si|p
se|se1|p
partirent|partirent|p
dou|dou|p
##|##
port|port|p
,|,|p
si|si|p
siglerent|siglerent|p
vers|vers|p
##|##
grese|grese|p
à|à|p
voilles|voilles|p
ploines|ploines|p
,|,|p
##|##
à|à|p
moult|moult|p
grant|grant1|p
esploit|esploit|p
.|.|p
##|##
coment|coment|p
paris|paris1|p
encontra|encontra|p
menelaus|menelaus|p
de_denz|de_denz|p
##|##
la|la|p
mer|mer|p
en|en|p
celui|celui1|p
tenz|tenz|p
##|##
q’|q’1|p
il|il1|p
estoient|estoient1|p
de_denz|de_denz|p
la|la|p
##|##
mer|mer|p
entre|entre|p
paris|paris|p
et|et|p
sa|sa|p
##|##
conpaignie|conpaignie|p
,|,|p
il|il1|p
chousirent|chousirent|p
une|une|p
##|##
qantité|qantité|p
de|de|p
nes|nes1|p
qi|qi|p
aloient|aloient|p
##|##
parmi|parmi|p
la|la|p
mer|mer|p
.|.|p
cele|cele|p
##|##
navie|navie|p
estoit|estoit|p
dou|dou|p
roi|roi1|p
menelax|menelax|p
##|##
qi|qi|p
aloit|aloit|p
adonc|adonc|p
à|à|p
pirre|pirre|p
##|##
car|car|p
le|le|p
roi|roi|p
nestor|nestor1|p
l’|l’5|p
##|##
avoit|avoit2|p
mandé|mandé|p
qerre|qerre|p
,|,|p
ne|ne|p
##|##
sai|sai|p
por_quoi|por_quoi|p
.|.|p
celui|celui|p
menelax|menelax1|p
##|##
estoit|estoit1|p
moult|moult|p
riche|riche2|p
roi|roi|p
et|et|p
##|##
moult|moult|p
cortois|cortois|p
et|et|p
saje|saje|p
et|et|p
##|##
vaillant|vaillant|p
;|;|p
il|il|p
avoit|avoit|p
à|à|p
feme|feme|p
##|##
dame|dame|p
heleine|heleine|p
,|,|p
qi|qi|p
estoit|estoit1|p
##|##
la|la|p
plus|plus|p
très_plaisans|très_plaisans|p
qi|qi|p
fust|fust5|p
##|##
adonc|adonc|p
au|au|p
monde|monde1|p
ne|ne|p
qi|qi|p
##|##
fust|fust6|p
estee|estee|p
,|,|p
si_com|si_com|p
je|je|p
##|##
cuit|cuit1|p
.|.|p
les|les1|p
navies|navies|p
ne|ne|p
##|##
se|se1|p
porent|porent1|p
tant|tant|p
aprochier|aprochier|p
q’|q’1|p
##|##
il|il1|p
se|se1|p
peüssent|peüssent|p
parler|parler|p
;|;|p
il|il|p
##|##
ala|ala|p
ciaschun|ciaschun|p
sa|sa|p
voie|voie|p
sans|sans|p
##|##
rienz|rienz|p
savoir|savoir1|p
li|li|p
un|un2|p
de|de|p
##|##
l’|l’|p
autre|autre7|p
.|.|p
ceste|ceste1|p
dame|dame|p
##|##
helene|helene|p
,|,|p
la|la|p
feme|feme|p
menelax|menelax|p
##|##
,|,|p
avoit|avoit|p
dui|dui|p
freres|freres1|p
:|:|p
castor|castor1|p
##|##
et|et|p
apollus|apollus1|p
.|.|p
ces|ces|p
dui|dui|p
##|##
estoient|estoient1|p
adonc|adonc|p
de_denz|de_denz|p
la|la|p
cité|cité|p
##|##
de|de|p
cimestree|cimestree|p
,|,|p
qi|qi|p
moult|moult|p
##|##
estoit|estoit1|p
riche|riche|p
et|et|p
grant|grant4|p
.|.|p
##|##
si|si|p
avoit|avoit|p
adonc|adonc|p
dame|dame|p
heleine|heleine|p
##|##
une|une|p
fillie|fillie|p
qi|qi|p
estoit|estoit|p
à|à|p
##|##
celui|celui1|p
tenz|tenz|p
avec|avec|p
ces|ces4|p
dui|dui|p
##|##
honcles|honcles|p
,|,|p
qi|qi|p
moult|moult|p
la|la1|p
##|##
fesoient|fesoient|p
chierement|chierement|p
norir|norir|p
et|et|p
garder|garder|p
##|##
.|.|p
coment|coment|p
paris|paris1|p
ho|ho|p
sa|sa|p
##|##
navie|navie|p
ariva|ariva|p
en|en|p
grese|grese|p
à|à|p
##|##
l’|l’1|p
isle|isle|p
de|de|p
citea|citea|p
,|,|p
##|##
qi|qi|p
estoit|estoit|p
de|de|p
menelaus|menelaus|p
paris|paris1|p
##|##
et|et|p
sa|sa|p
conpaignie|conpaignie|p
hont|hont|p
tant|tant|p
##|##
alés|alés6|p
et|et|p
tant|tant|p
siglés|siglés|p
q’|q’1|p
##|##
il|il1|p
ariverent|ariverent|p
en|en|p
grese|grese|p
à|à|p
##|##
un|un1|p
ille|ille|p
qui|qui|p
estoit|estoit2|p
à|à|p
##|##
celui|celui1|p
tenz|tenz|p
apellee|apellee|p
chitera|chitera|p
,|,|p
##|##
selonc|selonc|p
ce_qe|ce_qe|p
le|le2|p
scriture|scriture|p
nos|nos1|p
##|##
dit|dit4|p
,|,|p
qi|qi|p
estoit|estoit|p
de|de|p
##|##
la|la|p
seignorie|seignorie|p
menelax|menelax|p
.|.|p
li|li|p
##|##
tenz|tenz1|p
estoit|estoit1|p
adonc|adonc|p
moult|moult|p
cler|cler|p
##|##
et|et|p
serins|serins|p
.|.|p
à|à|p
cele|cele|p
##|##
isle|isle|p
estoit|estoit|p
un|un|p
tenple|tenple|p
moult|moult|p
##|##
riche|riche2|p
et|et|p
ansien|ansien|p
,|,|p
là_où|là_où|p
##|##
toute|toute|p
la|la|p
gent|gent|p
avoient|avoient|p
moult|moult|p
##|##
grant|grant4|p
devosion|devosion|p
,|,|p
si|si|p
i|i|p
##|##
venoient|venoient|p
les|les1|p
genz|genz|p
dou|dou|p
païs|païs|p
##|##
sacrefice|sacrefice|p
et|et|p
horison|horison|p
faire|faire|p
car|car|p
##|##
moult|moult|p
i|i|p
avoient|avoient|p
grant|grant4|p
devosion|devosion|p
##|##
;|;|p
si|si|p
i|i|p
ofroient|ofroient|p
de|de|p
riches|riches2|p
##|##
dons|dons|p
et|et|p
i|i|p
prenoient|prenoient|p
devin|devin|p
##|##
respons|respons|p
.|.|p
à|à|p
celui|celui1|p
tenz|tenz|p
##|##
qe|qe3|p
paris|paris1|p
i|i|p
ariva|ariva|p
,|,|p
##|##
i|i|p
fesoient|fesoient|p
les|les1|p
genz|genz|p
à|à|p
##|##
celui|celui1|p
temple|temple1|p
moult|moult|p
grant|grant4|p
feste|feste|p
##|##
,|,|p
car|car|p
il|il1|p
estoient|estoient2|p
tos|tos4|p
##|##
venus|venus1|p
à|à|p
grant|grant4|p
joie|joie|p
et|et|p
##|##
à|à|p
grant|grant1|p
desduit|desduit|p
,|,|p
car|car|p
##|##
lendemain|lendemain|p
devoient|devoient|p
celebrer|celebrer|p
cele|cele|p
grant|grant4|p
##|##
feste|feste|p
à|à|p
la|la|p
deesse|deesse|p
juno|juno|p
##|##
.|.|p
paris|paris1|p
,|,|p
puis_q’|puis_q’|p
il|il|p
##|##
fu|fu2|p
arivés|arivés2|p
,|,|p
il|il|p
descendi|descendi|p
##|##
de|de|p
nes|nes2|p
entre|entre|p
lui|lui|p
et|et|p
##|##
sa|sa|p
conpaignie|conpaignie|p
.|.|p
paris|paris1|p
estoit|estoit1|p
##|##
moult|moult|p
biau|biau|p
de|de|p
vis|vis|p
et|et|p
##|##
de|de|p
faisons|faisons|p
,|,|p
tel|tel1|p
estoit|estoit1|p
##|##
q’|q’1|p
il|il2|p
nen|nen|p
avoit|avoit1|p
au|au|p
##|##
monde|monde1|p
son|son|p
paroil|paroil|p
.|.|p
il|il|p
##|##
estoit|estoit2|p
adonc|adonc|p
moult|moult|p
gentement|gentement|p
adornés|adornés|p
##|##
de|de|p
moult|moult|p
riches|riches|p
vesteüres|vesteüres|p
;|;|p
ces|ces3|p
##|##
conpaignons|conpaignons|p
estoient|estoient3|p
adonques|adonques|p
ahornés|ahornés3|p
à|à|p
##|##
guise|guise|p
de|de|p
roiz|roiz|p
et|et|p
de|de|p
##|##
barons|barons3|p
.|.|p
quant|quant|p
paris|paris1|p
fu|fu2|p
##|##
au|au|p
tenple|tenple1|p
venus|venus|p
,|,|p
il|il|p
##|##
aparoillier|aparoillier1|p
un|un|p
moult|moult|p
riche|riche3|p
sacrefice|sacrefice|p
##|##
à|à|p
la|la|p
guise|guise|p
troiene|troiene|p
,|,|p
##|##
si|si|p
le|le4|p
sacrefia|sacrefia|p
à|à|p
la|la|p
##|##
guise|guise|p
de|de|p
troie|troie|p
à|à|p
la|la|p
##|##
deesse|deesse|p
diane|diane|p
,|,|p
moult|moult|p
con|con|p
##|##
grant|grant4|p
devosion|devosion|p
et|et|p
ho|ho|p
sinple|sinple|p
##|##
chiere|chiere|p
.|.|p
les|les1|p
genz|genz|p
dou|dou|p
##|##
païs|païs|p
qi|qi|p
virent|virent|p
paris|paris|p
et|et|p
##|##
sa|sa|p
conpaignie|conpaignie|p
ensi|ensi|p
ahornés|ahornés2|p
et|et|p
##|##
aparoillés|aparoillés1|p
,|,|p
les|les4|p
demanderent|demanderent|p
et|et|p
##|##
enqistrent|enqistrent|p
moult_de|moult_de|p
lor|lor1|p
estre|estre1|p
,|,|p
##|##
et|et|p
donc|donc1|p
il|il1|p
estoient|estoient1|p
et|et|p
##|##
qi|qi5|p
·l|·l|p
aloient|aloient|p
chersant|chersant|p
par|par|p
##|##
cele|cele|p
contree|contree|p
.|.|p
les|les|p
conpaignons|conpaignons|p
##|##
paris|paris|p
li|li4|p
respondirent|respondirent|p
à_poi_de|à_poi_de|p
paroules|paroules|p
##|##
que|que|p
lor|lor|p
sire|sire|p
avoit|avoit|p
non|non2|p
##|##
paris|paris|p
,|,|p
qi|qi|p
estoit|estoit1|p
fis|fis|p
##|##
au|au|p
roi|roi1|p
priant|priant1|p
de|de|p
troie|troie|p
##|##
;|;|p
si|si|p
lor|lor4|p
distrent|distrent|p
encore|encore|p
q’|q’1|p
##|##
il|il1|p
estoient|estoient2|p
en|en|p
cele|cele|p
contree|contree|p
##|##
venus|venus1|p
por|por|p
parler|parler|p
à|à|p
castor|castor1|p
##|##
et|et|p
apollus|apollus1|p
por_ce_qe|por_ce_qe|p
jadis|jadis|p
furent|furent|p
##|##
en|en|p
la|la|p
contree|contree|p
de|de|p
troie|troie|p
##|##
ho|ho|p
les|les|p
gresois|gresois1|p
quant|quant|p
troie|troie|p
##|##
fu|fu1|p
esilliee|esilliee|p
et|et|p
le|le|p
païs|païs1|p
##|##
;|;|p
si|si|p
enmenerent|enmenerent|p
adonc|adonc|p
les|les|p
gresois|gresois2|p
##|##
une|une|p
suor|suor|p
priant|priant1|p
qi|qi|p
estoit|estoit1|p
##|##
ante|ante|p
cestui|cestui1|p
,|,|p
la_qel|la_qel|p
talemon|talemon|p
##|##
tient|tient|p
en|en|p
songnantaje|songnantaje|p
,|,|p
laquel|laquel|p
##|##
cestui|cestui|p
vient|vient|p
lor|lor4|p
demander|demander|p
q’|q’1|p
##|##
il|il|p
la|la1|p
li|li2|p
facent|facent|p
rendre|rendre|p
##|##
.|.|p
"|"||p
et|et|p
c’|c’|p
il|il1|p
##|##
le|le6|p
font|font|p
,|,|p
de_part_diex|de_part_diex|p
soit|soit|p
##|##
,|,|p
nos|nos|p
en|en|p
seroumes|seroumes1|p
aleigre|aleigre2|p
##|##
et|et|p
la|la1|p
enmeneromes|enmeneromes|p
.|.|p
et|et|p
##|##
c’|c’|p
il|il1|p
ne|ne|p
le|le6|p
voudront|voudront|p
##|##
fere|fere|p
,|,|p
je|je|p
vos|vos|p
di|di|p
##|##
qe|qe3|p
encore|encore|p
en|en|p
sordra|sordra|p
grant|grant|p
##|##
males|males|p
et|et|p
grant|grant|p
engonbrier|engonbrier1|p
"|"||p
##|##
.|.|p
coment|coment|p
paris|paris1|p
consoilla|consoilla|p
à|à|p
##|##
ses|ses1|p
conpaignons|conpaignons1|p
d’|d’|p
asailli|asailli|p
le|le|p
##|##
temple|temple1|p
et|et|p
d’|d’|p
olcir|olcir|p
la|la|p
##|##
novelle|novelle|p
est|est3|p
tost|tost|p
corue|corue|p
coment|coment|p
##|##
paris|paris1|p
li|li|p
biaus|biaus|p
,|,|p
le|le|p
##|##
fils|fils|p
au|au|p
roi|roi1|p
priant|priant1|p
,|,|p
##|##
estoit|estoit3|p
à|à|p
l’|l’1|p
isle|isle|p
arivés|arivés2|p
##|##
ho|ho|p
sa|sa|p
navie|navie|p
.|.|p
et|et|p
##|##
quant|quant|p
dame|dame|p
heleine|heleine|p
le|le6|p
sot|sot|p
##|##
,|,|p
elle|elle|p
fu|fu|p
moult|moult|p
aleigre|aleigre4|p
##|##
et|et|p
joieuse|joieuse|p
,|,|p
si|si|p
dist|dist|p
##|##
à|à|p
soi|soi|p
meïsmes|meïsmes4|p
q’|q’1|p
elle|elle|p
##|##
ne|ne|p
laseroit|laseroit|p
en|en|p
nulle|nulle|p
mainiere|mainiere|p
##|##
q’|q’1|p
elle|elle|p
ne|ne|p
là|là|p
alast|alast|p
##|##
au|au|p
tenple|tenple1|p
la|la|p
feste|feste|p
sacrefier|sacrefier|p
##|##
por|por|p
paris|paris|p
veoir|veoir|p
.|.|p
si|si|p
##|##
dist|dist|p
à|à|p
cels|cels1|p
en|en|p
cui|cui|p
##|##
elle|elle|p
plus|plus|p
fesioit|fesioit|p
q’|q’1|p
il|il1|p
##|##
li|li3|p
aparoillasent|aparoillasent|p
hoire|hoire|p
por_ce_q’|por_ce_q’|p
elle|elle|p
##|##
voloit|voloit1|p
aler|aler|p
au|au|p
tenple|tenple1|p
por|por|p
##|##
un|un|p
vo|vo1|p
q’|q’|p
elle|elle|p
avoit|avoit2|p
##|##
fet|fet2|p
apollo|apollo|p
son|son1|p
diex|diex3|p
,|,|p
##|##
por_ce_q’|por_ce_q’|p
elle|elle|p
voloit|voloit1|p
hoïr|hoïr|p
le|le|p
##|##
devin|devin|p
respons|respons|p
.|.|p
tot_ensi_com|tot_ensi_com|p
elle|elle|p
##|##
le|le6|p
conmanda|conmanda|p
fu|fu1|p
tot_maintenan|tot_maintenan|p
fait|fait2|p
##|##
,|,|p
puis|puis|p
se|se|p
mist|mist|p
à|à|p
##|##
la|la|p
voie|voie|p
entre|entre|p
li|li3|p
et|et|p
##|##
sa|sa|p
maisnié|maisnié|p
.|.|p
et|et|p
tant|tant|p
##|##
chevaucherent|chevaucherent|p
q’|q’1|p
elle|elle|p
vint|vint|p
au|au|p
##|##
tenple|tenple1|p
,|,|p
moult|moult|p
lié|lié1|p
et|et|p
##|##
moult|moult|p
joieuse|joieuse|p
.|.|p
paris|paris1|p
,|,|p
##|##
qi|qi|p
au|au|p
tenple|tenple1|p
estoit|estoit|p
,|,|p
##|##
adonc|adonc|p
nen|nen|p
avoit|avoit2|p
jamés|jamés|p
helene|helene|p
##|##
veüe|veüe|p
;|;|p
tot_maintenant_q’|tot_maintenant_q’|p
il|il|p
la|la1|p
vit|vit|p
##|##
,|,|p
la|la1|p
conjota|conjota|p
avoir|avoir|p
car|car|p
##|##
il|il|p
avoit|avoit2|p
hoï|hoï1|p
dir|dir|p
et|et|p
##|##
le|le6|p
veoit|veoit|p
moult|moult|p
bien|bien4|p
q’|q’|p
##|##
elle|elle|p
estoit|estoit1|p
la|la|p
plus|plus|p
belle|belle|p
##|##
dame|dame|p
qi|qi|p
fust|fust5|p
en|en|p
vie|vie|p
##|##
.|.|p
si|si|p
ala|ala|p
tant|tant|p
sa|sa2|p
##|##
et|et|p
là|là|p
q’|q’1|p
elle|elle|p
s’|s’|p
##|##
acousta|acousta|p
de|de|p
lui|lui|p
.|.|p
si|si|p
##|##
vos|vos|p
di|di|p
qe|qe3|p
,|,|p
quant|quant|p
##|##
il|il1|p
furent|furent1|p
ensi|ensi|p
acoustés|acoustés|p
,|,|p
##|##
qe|qe3|p
moult|moult|p
se|se1|p
regarderent|regarderent1|p
ensenble|ensenble|p
##|##
.|.|p
heleine|heleine|p
avoit|avoit2|p
enqis|enqis|p
et|et|p
##|##
demandé|demandé1|p
qi|qi4|p
paris|paris1|p
estoit|estoit|p
,|,|p
##|##
qi|qi4|p
estoit|estoit|p
son|son|p
pere|pere|p
et|et|p
##|##
de|de|p
qel|qel|p
terre|terre|p
il|il|p
estoit|estoit|p
##|##
et|et|p
qe|qe4|p
aloit|aloit|p
chersant|chersant|p
por|por|p
##|##
cele|cele|p
contree|contree|p
;|;|p
si|si|p
li|li3|p
fu|fu1|p
##|##
conté|conté1|p
ensi_com|ensi_com|p
l’|l’|p
afer|afer|p
estoit|estoit|p
##|##
.|.|p
helene|helene|p
regarda|regarda|p
moult|moult|p
paris|paris|p
##|##
et|et|p
sa|sa|p
biauté|biauté|p
,|,|p
si|si|p
##|##
vos|vos|p
di|di|p
qe|qe3|p
mervoilleusement|mervoilleusement|p
s’|s’|p
##|##
enamora|enamora|p
de|de|p
lui|lui|p
avant_q’|avant_q’|p
elle|elle|p
##|##
se|se|p
partist|partist|p
de|de|p
la|la|p
place|place|p
##|##
,|,|p
là_où|là_où|p
elle|elle|p
l’|l’5|p
avoit|avoit2|p
##|##
veü|veü|p
;|;|p
por|por|p
sa|sa|p
biauté|biauté|p
moult|moult|p
##|##
li|li3|p
plot|plot|p
et|et|p
atalenta|atalenta|p
.|.|p
##|##
tout_ausi|tout_ausi|p
s’|s’|p
enamora|enamora|p
paris|paris1|p
de|de|p
##|##
heleine|heleine|p
.|.|p
paris|paris1|p
estoit|estoit1|p
moult|moult|p
##|##
saje|saje|p
,|,|p
si|si|p
connut|connut|p
moult|moult|p
##|##
bien|bien4|p
heleine|heleine|p
au|au|p
senblant|senblant|p
et|et|p
##|##
sot|sot1|p
q’|q’1|p
elle|elle|p
l’|l’5|p
amoit|amoit|p
##|##
et|et|p
q’|q’1|p
elle|elle|p
avoit|avoit|p
talent|talent|p
##|##
de|de|p
faire|faire|p
tot_ce_qe|tot_ce_qe|p
à|à|p
lui|lui|p
##|##
plesoit|plesoit|p
.|.|p
si|si|p
fist|fist|p
tant|tant|p
##|##
paris|paris1|p
et|et|p
tant|tant|p
enarta|enarta|p
q’|q’1|p
##|##
il|il|p
li|li3|p
dist|dist|p
celeement|celeement|p
partie|partie|p
##|##
de|de|p
son|son1|p
coraje|coraje|p
,|,|p
si|si|p
##|##
fist|fist|p
heleine|heleine|p
à|à|p
lui|lui|p
.|.|p
##|##
si|si|p
vos|vos|p
di|di|p
qe|qe3|p
ensi|ensi|p
##|##
parlant|parlant|p
et|et|p
ensi|ensi|p
regardant|regardant|p
li|li|p
##|##
un|un2|p
l’|l’|p
autre|autre7|p
ardoient|ardoient|p
et|et|p
##|##
esprenoient|esprenoient|p
plus_et_plus|plus_et_plus|p
.|.|p
si|si|p
muoient|muoient|p
##|##
et|et|p
changioient|changioient|p
sovent|sovent|p
lor|lor2|p
coulor|coulor|p
##|##
car|car|p
une_fois|une_fois|p
devenoient|devenoient|p
plus|plus|p
vermoils|vermoils|p
##|##
qe|qe3|p
graine|graine|p
,|,|p
autre_fois|autre_fois|p
tornoient|tornoient|p
##|##
plus|plus|p
blanc|blanc2|p
que|que|p
noif|noif|p
,|,|p
##|##
autre_fois|autre_fois|p
esprenoient|esprenoient|p
et|et|p
alumoient|alumoient|p
et|et|p
##|##
trenbloient|trenbloient|p
come|come|p
la|la|p
fueille|fueille|p
au|au|p
##|##
vent|vent|p
.|.|p
amors|amors|p
les|les4|p
a|a2|p
##|##
ensi|ensi|p
atornés|atornés2|p
com|com|p
je|je|p
vos|vos|p
##|##
ai|ai1|p
dit|dit4|p
,|,|p
car|car|p
il|il1|p
##|##
desirent|desirent|p
moult|moult|p
estre|estre3|p
paroil|paroil1|p
de|de|p
##|##
conpaignie|conpaignie|p
.|.|p
qant|qant|p
il|il1|p
orent|orent1|p
##|##
esté|esté7|p
ensi|ensi|p
grant|grant4|p
pieces|pieces|p
,|,|p
##|##
paris|paris1|p
ho|ho|p
tot|tot1|p
le|le1|p
siens|siens1|p
##|##
print|print|p
conjé|conjé|p
de|de|p
dame|dame|p
heleine|heleine|p
##|##
et|et|p
s’|s’1|p
en|en|p
retornerent|retornerent1|p
à|à|p
##|##
lor|lor5|p
nes|nes1|p
.|.|p
et|et|p
quant|quant|p
##|##
il|il1|p
furent|furent1|p
as|as|p
nes|nes1|p
venus|venus1|p
##|##
,|,|p
le|le|p
soleil|soleil1|p
estoit|estoit1|p
ja|ja|p
##|##
au|au|p
declin|declin|p
.|.|p
paris|paris1|p
fist|fist1|p
##|##
son|son1|p
consoil|consoil1|p
venir|venir|p
devant|devant1|p
li|li2|p
##|##
:|:|p
ce|ce|p
fu|fu3|p
deifebus|deifebus|p
et|et|p
heneas|heneas|p
##|##
et|et|p
polidamas|polidamas|p
et|et|p
des|des|p
autres|autres4|p
##|##
asés|asés|p
.|.|p
si|si|p
lor|lor4|p
dist|dist|p
##|##
en_tel_mainiere|en_tel_mainiere|p
.|.|p
coment|coment|p
paris|paris1|p
parla|parla|p
##|##
et|et|p
coment|coment|p
ses|ses|p
conpaignons|conpaignons|p
le|le4|p
##|##
loërent|loërent|p
asaillir|asaillir|p
la|la4|p
temple|temple1|p
"|"||p
##|##
biaux|biaux4|p
seignors|seignors|p
,|,|p
li|li|p
roi|roi|p
##|##
priant|priant|p
m’|m’|p
a|a2|p
envoiés|envoiés|p
en|en|p
##|##
cestui|cestui3|p
païs|païs|p
por|por|p
nos|nos4|p
henemis|henemis|p
##|##
damajer|damajer|p
et|et|p
nuire|nuire|p
,|,|p
por|por|p
##|##
la|la|p
grant|grant4|p
honte|honte|p
qe|qe1|p
jadis|jadis|p
##|##
firent|firent|p
à|à|p
nostre|nostre1|p
lignajes|lignajes|p
,|,|p
##|##
et|et|p
por|por|p
avoir|avoir|p
ma|ma|p
ante|ante|p
##|##
et|et|p
esionan|esionan|p
,|,|p
se|se2|p
nos|nos|p
##|##
peüson|peüson|p
.|.|p
me|me2|p
je|je|p
vos|vos|p
##|##
di|di|p
que|que|p
de|de|p
li|li3|p
avoir|avoir|p
##|##
est|est|p
il|il2|p
noiant|noiant1|p
,|,|p
ensi_com|ensi_com|p
##|##
je|je|p
croi|croi|p
,|,|p
car|car|p
elle|elle|p
##|##
est|est|p
en|en|p
teu|teu1|p
leu|leu|p
qe|qe3|p
##|##
avoir|avoir|p
ne|ne|p
la|la1|p
porions|porions|p
.|.|p
##|##
nos|nos|p
soumes|soumes1|p
ensi|ensi|p
arivés|arivés3|p
et|et|p
##|##
soumes|soumes|p
entre|entre|p
nos|nos4|p
henemis|henemis|p
:|:|p
si|si|p
##|##
vos|vos|p
di|di|p
qe|qe3|p
,|,|p
c’|c’|p
##|##
il|il1|p
seüssent|seüssent|p
de|de|p
nostre|nostre|p
volonté|volonté|p
##|##
et|et|p
porquoi|porquoi|p
nos|nos|p
i|i|p
soumes|soumes1|p
##|##
venus|venus1|p
,|,|p
à|à|p
damaje|damaje1|p
nos|nos1|p
##|##
porroit|porroit|p
torner|torner|p
.|.|p
et|et|p
por_ce|por_ce|p
##|##
de|de|p
demorer|demorer|p
ensi|ensi|p
longuement|longuement|p
ne|ne|p
##|##
seroit|seroit1|p
pas|pas|p
sens|sens1|p
,|,|p
je|je|p
##|##
ai|ai1|p
pensee|pensee1|p
une|une|p
chouse|chouse|p
qe|qe1|p
##|##
je|je|p
vos|vos|p
vuoil|vuoil|p
descouvrir|descouvrir|p
por_ce_que|por_ce_que|p
##|##
vos|vos1|p
sor|sor|p
ce|ce1|p
me|me|p
consoillés|consoillés2|p
##|##
.|.|p
vos|vos1|p
veés|veés|p
bien|bien4|p
qe|qe3|p
##|##
tos|tos7|p
les|les|p
aut|aut2|p
homes|homes|p
de|de|p
##|##
cestui|cestui3|p
païs|païs|p
sont|sont2|p
à|à|p
ceste|ceste1|p
##|##
feste|feste|p
asemblees|asemblees|p
,|,|p
et|et|p
avec|avec|p
##|##
els|els1|p
moult_de|moult_de|p
menue|menue|p
gent|gent|p
.|.|p
##|##
si|si|p
ont|ont|p
avec|avec|p
els|els1|p
moult|moult|p
##|##
grant|grant1|p
tresor|tresor|p
d’|d’|p
or|or1|p
et|et|p
##|##
d’|d’|p
argent|argent|p
et|et|p
dou|dou|p
dras|dras|p
##|##
de|de|p
soie|soie|p
;|;|p
et|et|p
avec|avec|p
se|se4|p
##|##
i|i|p
est|est|p
la|la|p
plus|plus|p
belle|belle|p
##|##
dame|dame|p
qi|qi|p
soit|soit|p
au|au|p
monde|monde1|p
##|##
,|,|p
ensi_com|ensi_com|p
je|je|p
croi|croi|p
,|,|p
##|##
qi|qi|p
est|est1|p
roïne|roïne|p
de|de|p
cestui|cestui3|p
##|##
païs|païs|p
.|.|p
por|por|p
qoi|qoi|p
je|je|p
##|##
vos|vos|p
di|di|p
qe|qe3|p
,|,|p
c’|c’|p
##|##
il|il2|p
vos|vos|p
pleïst|pleïst|p
ou|ou|p
le|le|p
##|##
meillor|meillor5|p
vos|vos|p
senblast|senblast|p
,|,|p
je|je|p
##|##
loëroie|loëroie|p
qe|qe3|p
cestui|cestui2|p
tenple|tenple|p
fust|fust4|p
##|##
asaillis|asaillis|p
et|et|p
ceste|ceste1|p
gent|gent|p
morte|morte|p
##|##
et|et|p
prise|prise|p
,|,|p
et|et|p
dame|dame|p
##|##
heleine|heleine|p
,|,|p
qi|qi|p
est|est|p
de_denz|de_denz|p
##|##
le|le|p
tenple|tenple1|p
,|,|p
ausi|ausi|p
en|en|p
##|##
soit|soit2|p
menee|menee|p
.|.|p
et|et|p
je|je|p
##|##
cuit|cuit1|p
qe|qe3|p
,|,|p
se|se2|p
nos|nos|p
##|##
ensi|ensi|p
le|le6|p
feisons|feisons|p
,|,|p
qe|qe3|p
##|##
nos|nos|p
i|i|p
conquerrons|conquerrons|p
henor|henor|p
et|et|p
##|##
pris|pris|p
et|et|p
si|si|p
i|i|p
gaagnerons|gaagnerons|p
##|##
moult|moult|p
grant|grant1|p
tresor|tresor|p
et|et|p
moult_de|moult_de|p
##|##
bons|bons|p
prisons|prisons|p
,|,|p
et|et|p
avec|avec|p
##|##
se|se4|p
la|la|p
roïne|roïne|p
de|de|p
cestui|cestui3|p
##|##
païs|païs|p
.|.|p
se|se2|p
nos|nos|p
ensi|ensi|p
##|##
le|le6|p
feison|feison|p
,|,|p
je|je|p
cuit|cuit1|p
##|##
que|que|p
nos|nos|p
et|et|p
nostre|nostre2|p
pris|pris5|p
##|##
en|en|p
sera|sera1|p
doublés|doublés|p
et|et|p
nostre|nostre|p
##|##
renomee|renomee|p
en|en|p
sera|sera1|p
creüe|creüe|p
et|et|p
##|##
ensausee|ensausee|p
,|,|p
et|et|p
la|la|p
honte|honte|p
##|##
des|des2|p
gresois|gresois1|p
en|en|p
sera|sera1|p
ramenceüe|ramenceüe|p
##|##
jusque|jusque|p
mil|mil|p
ans|ans1|p
.|.|p
car|car|p
##|##
je|je|p
vos|vos|p
di|di|p
bien|bien4|p
,|,|p
##|##
selonc|selonc|p
mon|mon1|p
cuidier|cuidier|p
,|,|p
que|que|p
##|##
nos|nos|p
ne|ne|p
porrons|porrons|p
en|en|p
toute|toute|p
##|##
grese|grese|p
trover|trover|p
ni|ni|p
en|en|p
mer|mer|p
##|##
ni|ni|p
en|en|p
terre|terre|p
où|où|p
nos|nos|p
##|##
poïsons|poïsons|p
mies|mies|p
esploitier|esploitier|p
ne|ne|p
plus|plus|p
##|##
damegier|damegier|p
nos|nos4|p
enemis|enemis|p
sans|sans|p
grant|grant1|p
##|##
perils|perils|p
.|.|p
vos|vos1|p
veés|veés|p
bien|bien4|p
##|##
qe|qe3|p
poi_de|poi_de|p
gent|gent|p
soumes|soumes|p
,|,|p
##|##
si|si|p
ne|ne|p
porrons|porrons|p
par|par|p
force|force|p
##|##
predre|predre|p
ni|ni|p
chastel|chastel|p
ne|ne|p
cité|cité|p
##|##
.|.|p
et|et|p
por_ce|por_ce|p
consoillés|consoillés2|p
ce_q’|ce_q’|p
##|##
il|il2|p
vos|vos|p
semble|semble|p
de|de|p
cestui|cestui3|p
##|##
fet|fet9|p
"|"||p
.|.|p
de|de|p
se|se4|p
##|##
meïsmes|meïsmes3|p
à|à|p
celui|celui1|p
parlement|parlement|p
ot|ot1|p
##|##
dit|dit4|p
plusor|plusor|p
devers|devers1|p
raisons|raisons|p
mes|mes|p
##|##
en_la_fin|en_la_fin|p
loërent|loërent|p
ce_que|ce_que|p
paris|paris1|p
dist|dist|p
##|##
sanz|sanz|p
grant|grant1|p
contredit|contredit|p
,|,|p
qe|qe3|p
##|##
le|le|p
tenple|tenple|p
fu|fu1|p
asaillis|asaillis|p
et|et|p
##|##
rot|rot|p
et|et|p
debrisiéz|debrisiéz|p
et|et|p
roubés|roubés1|p
##|##
et|et|p
les|les|p
homes|homes1|p
mors|mors2|p
et|et|p
##|##
pris|pris6|p
et|et|p
detrenchés|detrenchés|p
.|.|p
adonc|adonc|p
##|##
fu|fu|p
paris|paris1|p
moult|moult|p
liés|liés|p
,|,|p
##|##
si|si|p
dist|dist|p
q’|q’1|p
il|il|p
voloit|voloit1|p
##|##
faire|faire|p
en_tel_mainiere|en_tel_mainiere|p
car|car|p
,|,|p
quant|quant|p
##|##
la|la|p
nuit|nuit|p
venist|venist|p
qe|qe3|p
la|la|p
##|##
lune|lune|p
fust|fust6|p
chouchee|chouchee|p
,|,|p
il|il|p
##|##
voloit|voloit|p
qe|qe3|p
ses|ses2|p
genz|genz|p
s’|s’1|p
##|##
armassent|armassent|p
tos|tos4|p
bien|bien4|p
et|et|p
biaus|biaus4|p
##|##
et|et|p
se|se1|p
meïssent|meïssent|p
à|à|p
la|la|p
##|##
voie|voie|p
hordineement|hordineement|p
et|et|p
à_celee|à_celee|p
.|.|p
##|##
"|"||p
cels|cels|p
qi|qi|p
à|à|p
nes|nes1|p
##|##
remandront|remandront|p
aïent|aïent1|p
lor|lor5|p
ancres|ancres|p
levees|levees1|p
##|##
et|et|p
lor|lor5|p
voilles|voilles|p
collees|collees|p
por|por|p
##|##
nos|nos1|p
recoillir|recoillir|p
tot_maintenant|tot_maintenant|p
;|;|p
si|si|p
feirons|feirons|p
##|##
entre|entre|p
nos|nos1|p
tel|tel2|p
signe|signe|p
qi|qi2|p
##|##
bien|bien4|p
le|le4|p
conoisirons|conoisirons|p
quant|quant|p
ensi|ensi|p
##|##
seroumes|seroumes|p
atornés|atornés1|p
,|,|p
adonc|adonc|p
nos|nos|p
##|##
metrons|metrons|p
à|à|p
la|la|p
voie|voie|p
ensi|ensi|p
##|##
aparoillés|aparoillés7|p
et|et|p
asaudrons|asaudrons|p
le|le|p
temple|temple1|p
##|##
,|,|p
et|et|p
je|je|p
sai|sai|p
veraiement|veraiement|p
##|##
qe|qe3|p
nos|nos|p
le|le4|p
prenderons|prenderons|p
sans|sans|p
##|##
nulle|nulle|p
defensions|defensions|p
"|"||p
.|.|p
cestui|cestui2|p
##|##
consoil|consoil|p
fu|fu1|p
moult|moult|p
loés|loés|p
de|de|p
##|##
tos|tos5|p
,|,|p
si|si|p
alerent|alerent|p
souper|souper|p
##|##
,|,|p
puis|puis|p
se|se1|p
repouserent|repouserent|p
un_poi|un_poi|p
##|##
.|.|p
et|et|p
quant|quant|p
il|il2|p
vint|vint|p
##|##
vers|vers|p
le|le1|p
premier|premier|p
sons|sons|p
,|,|p
##|##
qe|qe3|p
la|la|p
lune|lune|p
fu|fu2|p
echouchee|echouchee|p
##|##
,|,|p
paris|paris1|p
et|et|p
sa|sa|p
conpaignie|conpaignie|p
##|##
s’|s’1|p
armerent|armerent|p
et|et|p
se|se1|p
mistrent|mistrent|p
##|##
à|à|p
la|la|p
voie|voie|p
bien|bien4|p
et|et|p
##|##
ordeneement|ordeneement|p
et|et|p
à_celee|à_celee|p
,|,|p
et|et|p
##|##
s’|s’1|p
en|en|p
alerent|alerent1|p
droit|droit|p
au|au|p
##|##
tenple|tenple1|p
là_où|là_où|p
cels|cels|p
dou|dou|p
païs|païs|p
##|##
veillerent|veillerent|p
tos|tos7|p
,|,|p
si|si|p
fesoient|fesoient|p
##|##
moult|moult|p
noise|noise|p
et|et|p
grant|grant1|p
soulaz|soulaz|p
##|##
.|.|p
l’|l’1|p
autre|autre4|p
gent|gent|p
qi|qi|p
##|##
estoient|estoient1|p
en|en|p
la|la|p
cité|cité|p
dormorent|dormorent|p
##|##
tos|tos4|p
car|car|p
nen|nen|p
avoient|avoient|p
paor|paor|p
##|##
ni|ni|p
regart|regart|p
nuls|nuls1|p
por_ce_qe|por_ce_qe|p
seürs|seürs|p
##|##
cuidoient|cuidoient|p
estre|estre3|p
,|,|p
mes|mes|p
nen|nen|p
##|##
estoient|estoient|p
mie|mie|p
car|car|p
adonc|adonc|p
avint|avint|p
##|##
il|il2|p
ce|ce|p
por|por|p
qoi|qoi|p
il|il1|p
##|##
orent|orent|p
moult|moult|p
grant|grant1|p
destorbier|destorbier|p
,|,|p
##|##
et|et|p
puis_aprés|puis_aprés|p
en|en|p
vint|vint|p
moult|moult|p
##|##
grant|grant4|p
destrutions|destrutions|p
por_ce_qe|por_ce_qe|p
enluec|enluec|p
fu|fu1|p
##|##
fait|fait2|p
à_cele_fois|à_cele_fois|p
.|.|p
coment|coment|p
il|il1|p
##|##
rouberent|rouberent|p
le|le|p
tenple|tenple1|p
et|et|p
priserent|priserent|p
##|##
dame|dame|p
heleine|heleine|p
et|et|p
moult_de|moult_de|p
l’|l’1|p
##|##
autre|autre4|p
gent|gent|p
tant|tant|p
alerent|alerent|p
les|les|p
##|##
troiez|troiez|p
en_tel_mainiere_q’|en_tel_mainiere_q’|p
il|il1|p
vindrent|vindrent|p
au|au|p
##|##
temple|temple1|p
;|;|p
et|et|p
quant|quant|p
il|il1|p
furent|furent1|p
##|##
venus|venus1|p
,|,|p
il|il1|p
sonerent|sonerent|p
tot_maintenant|tot_maintenant|p
##|##
un|un|p
gresle|gresle|p
si_com|si_com|p
il|il1|p
avoient|avoient1|p
##|##
establi|establi|p
.|.|p
à|à|p
celui|celui1|p
son|son3|p
##|##
mist|mist|p
ciascun|ciascun|p
main|main|p
à|à|p
l’|l’1|p
##|##
espee|espee|p
et|et|p
la|la1|p
traïst|traïst|p
hors|hors|p
##|##
dou|dou|p
frore|frore|p
,|,|p
puis|puis|p
corurent|corurent|p
##|##
sus|sus|p
à|à|p
cele|cele|p
gent|gent|p
et|et|p
##|##
les|les4|p
ferirent|ferirent|p
des|des2|p
espees|espees|p
et|et|p
##|##
les|les4|p
ocistrent|ocistrent1|p
et|et|p
detrencherent|detrencherent1|p
en_poi_d’|en_poi_d’|p
##|##
ore|ore1|p
à|à|p
tot|tot7|p
lor|lor2|p
volontés|volontés1|p
##|##
.|.|p
dame|dame|p
heleine|heleine|p
,|,|p
la|la|p
##|##
belle|belle|p
dame|dame|p
et|et|p
la|la|p
saje|saje3|p
##|##
,|,|p
pristrent|pristrent|p
il|il1|p
qi|qi|p
ne|ne|p
##|##
se|se|p
fist|fist1|p
faire|faire|p
mie|mie|p
guere|guere|p
##|##
force|force|p
;|;|p
des|des1|p
autrees|autrees|p
gens|gens|p
lierent|lierent|p
##|##
tant_com|tant_com|p
il|il1|p
vostrent|vostrent1|p
.|.|p
il|il1|p
##|##
pristrent|pristrent|p
avec|avec|p
dame|dame|p
heleine|heleine|p
maintes|maintes3|p
##|##
dames|dames|p
et|et|p
damoiseles|damoiseles1|p
de|de|p
haut|haut|p
##|##
paraje|paraje|p
q’|q’|p
il|il1|p
enmenerent|enmenerent|p
ho|ho|p
##|##
els|els1|p
.|.|p
cels|cels|p
qe|qe|p
si|si|p
##|##
soudainement|soudainement|p
furent|furent2|p
asaillis|asaillis1|p
furent|furent4|p
si|si|p
##|##
esbaïs|esbaïs1|p
qi|qi1|p
ne|ne|p
sorent|sorent|p
consoil|consoil1|p
##|##
prendre|prendre|p
,|,|p
defendre|defendre1|p
ni|ni|p
garentir|garentir|p
##|##
;|;|p
por_ce|por_ce|p
furent|furent2|p
il|il1|p
lïés|lïés|p
trois|trois|p
##|##
à|à|p
trois|trois|p
.|.|p
moult|moult|p
horent|horent1|p
##|##
les|les|p
troienz|troienz2|p
tost|tost|p
roubés|roubés2|p
le|le|p
##|##
tenple|tenple1|p
de|de|p
l’|l’|p
or|or1|p
et|et|p
##|##
de|de|p
l’|l’|p
argent|argent|p
et|et|p
de|de|p
##|##
tos|tos1|p
les|les|p
autres|autres2|p
ahornement|ahornement1|p
qi|qi2|p
##|##
moult|moult|p
i|i|p
troverent|troverent|p
à|à|p
grant|grant4|p
##|##
abondance|abondance|p
:|:|p
tant|tant|p
i|i|p
troverent|troverent|p
grant|grant4|p
##|##
richesse|richesse|p
q’|q’1|p
il|il1|p
ne|ne|p
porent|porent1|p
##|##
toute|toute|p
porter|porter|p
à|à|p
celui|celui1|p
point|point1|p
##|##
.|.|p
la|la|p
criee|criee|p
estoit|estoit1|p
moult|moult|p
##|##
grant|grant4|p
qe|qe1|p
les|les|p
gresois|gresois2|p
fesoient|fesoient|p
##|##
por_ce_qe|por_ce_qe|p
navrés|navrés|p
et|et|p
mors|mors2|p
et|et|p
##|##
detrenchés|detrenchés|p
estoient|estoient3|p
moult|moult|p
dolereusement|dolereusement|p
.|.|p
##|##
si|si|p
vos|vos|p
di|di|p
qe|qe3|p
moult|moult|p
##|##
estoit|estoit3|p
bien|bien4|p
avenus|avenus|p
adonc|adonc|p
as|as|p
##|##
troienz|troienz1|p
ce|ce2|p
ne|ne|p
fust|fust5|p
ce_qe|ce_qe|p
##|##
sor|sor|p
le|le|p
port|port|p
avoit|avoit1|p
un|un|p
##|##
chastel|chastel1|p
q’|q’2|p
eslee|eslee|p
avoit|avoit|p
non|non2|p
##|##
.|.|p
en|en|p
celui|celui1|p
chastel|chastel|p
avoit|avoit1|p
##|##
bone|bone|p
gent|gent|p
et|et|p
vaillant|vaillant|p
et|et|p
##|##
saje|saje3|p
et|et|p
,|,|p
quant|quant|p
il|il1|p
##|##
hoïrent|hoïrent|p
le|le|p
cri|cri1|p
,|,|p
il|il1|p
##|##
corirent|corirent1|p
tot_maintenant|tot_maintenant|p
à|à|p
lor|lor5|p
armes|armes|p
##|##
,|,|p
si|si|p
furent|furent4|p
moult|moult|p
tost|tost|p
##|##
armés|armés2|p
et|et|p
mis|mis6|p
à|à|p
la|la|p
##|##
voie|voie|p
vers|vers|p
la|la|p
citee|citee|p
.|.|p
##|##
si|si|p
avoient|avoient|p
ho|ho|p
els|els1|p
moult|moult|p
##|##
grant|grant1|p
luminaire|luminaire|p
de|de|p
scandoiles|scandoiles|p
et|et|p
##|##
de|de|p
blandons|blandons|p
,|,|p
dou|dou|p
qels|qels|p
##|##
i|i|p
veoient|veoient|p
moult|moult|p
clerement|clerement|p
.|.|p
##|##
et|et|p
ensi|ensi|p
alant|alant|p
vers|vers|p
la|la|p
##|##
criee|criee|p
,|,|p
encontrerent|encontrerent|p
les|les|p
troienz|troienz1|p
##|##
qi|qi|p
venoient|venoient|p
chargés|chargés|p
dou|dou|p
tresor|tresor|p
##|##
et|et|p
de|de|p
l’|l’|p
avoir|avoir1|p
et|et|p
##|##
menoient|menoient|p
avec|avec|p
els|els1|p
moult_de|moult_de|p
prisoniers|prisoniers|p
##|##
ausi|ausi|p
lïés|lïés1|p
qi|qi|p
crioient|crioient|p
et|et|p
##|##
braoient|braoient|p
.|.|p
et|et|p
quant|quant|p
il|il1|p
##|##
les|les4|p
virent|virent|p
ensi|ensi|p
aler|aler|p
,|,|p
##|##
il|il1|p
ne|ne|p
firent|firent|p
nuls|nuls1|p
delaiement|delaiement1|p
##|##
,|,|p
ains|ains|p
se|se1|p
ferirent|ferirent1|p
entr’|entr’|p
##|##
elx|elx|p
,|,|p
si|si|p
comencerent|comencerent|p
à|à|p
##|##
ferir|ferir1|p
et|et|p
à|à|p
doner|doner|p
d’|d’|p
##|##
espees|espees|p
et|et|p
de|de|p
lances|lances|p
et|et|p
##|##
de|de|p
cugnees|cugnees|p
et|et|p
de|de|p
gusarmes|gusarmes|p
##|##
moult|moult|p
grant|grant4|p
coux|coux|p
.|.|p
si|si|p
##|##
vos|vos|p
di|di|p
qe|qe3|p
,|,|p
se|se2|p
##|##
les|les|p
troienz|troienz2|p
ne|ne|p
fussent|fussent1|p
si|si|p
##|##
bien|bien4|p
armés|armés|p
com|com|p
il|il1|p
estoient|estoient|p
##|##
,|,|p
jamés|jamés|p
ne|ne|p
fussent|fussent2|p
à|à|p
##|##
troie|troie|p
repairés|repairés1|p
.|.|p
coment|coment|p
les|les|p
##|##
troienz|troienz2|p
furent|furent2|p
asaillis|asaillis1|p
et|et|p
moult|moult|p
##|##
conbatus|conbatus|p
qant|qant|p
il|il1|p
repairoient|repairoient|p
à|à|p
##|##
lor|lor5|p
nes|nes1|p
à|à|p
els|els1|p
dou|dou|p
##|##
chastel|chastel|p
les|les4|p
hont|hont|p
si|si|p
fort|fort|p
##|##
chargés|chargés1|p
et|et|p
maumis|maumis1|p
qe|qe3|p
à_poi_q’|à_poi_q’|p
##|##
il|il1|p
ne|ne|p
li|li4|p
mistrent|mistrent|p
à|à|p
##|##
desconfiture|desconfiture|p
car|car|p
il|il1|p
le|le5|p
troverent|troverent|p
##|##
tos|tos1|p
chargés|chargés|p
de|de|p
l’|l’|p
avoir|avoir1|p
##|##
et|et|p
dou|dou|p
tresor|tresor|p
q’|q’|p
il|il1|p
##|##
avoient|avoient1|p
pris|pris1|p
.|.|p
si|si|p
vos|vos|p
##|##
di|di|p
qe|qe3|p
lor|lor4|p
besoignoit|besoignoit|p
moult|moult|p
##|##
bien|bien4|p
qe|qe3|p
lor|lor5|p
nes|nes1|p
fussent|fussent3|p
##|##
si|si|p
près|près|p
com|com|p
elle|elle1|p
estoient|estoient1|p
##|##
por_ce_qe|por_ce_qe|p
à|à|p
moult|moult|p
grant|grant4|p
poine|poine|p
##|##
i|i|p
chargerent|chargerent|p
l’|l’|p
avoir|avoir1|p
et|et|p
##|##
les|les|p
prisons|prisons|p
.|.|p
si|si|p
en|en|p
##|##
i|i|p
ot|ot2|p
avant|avant|p
asés_de|asés_de|p
mors|mors3|p
##|##
.|.|p
quant|quant|p
il|il1|p
orent|orent1|p
chargee|chargee|p
##|##
la|la|p
roube|roube|p
et|et|p
les|les|p
presoniers|presoniers|p
##|##
,|,|p
il|il1|p
retornerent|retornerent|p
sor|sor|p
les|les|p
##|##
gresois|gresois1|p
,|,|p
les|les|p
escus|escus|p
pris|pris4|p
##|##
et|et|p
les|les1|p
espees|espees|p
traites|traites|p
,|,|p
##|##
si|si|p
lor|lor4|p
dounerent|dounerent|p
moult|moult|p
grant|grant4|p
##|##
coux|coux|p
et|et|p
les|les4|p
hocistrent|hocistrent|p
et|et|p
##|##
detrencherent|detrencherent1|p
,|,|p
neis|neis|p
de|de|p
lor|lor4|p
##|##
meïsmes|meïsmes6|p
hocïoient|hocïoient|p
il|il1|p
por|por|p
la|la|p
##|##
escurtés|escurtés|p
de|de|p
la|la|p
nuit|nuit|p
qi|qi|p
##|##
ne|ne|p
·s|·s|p
connoisoient|connoisoient|p
.|.|p
à_la_fin|à_la_fin|p
##|##
furent|furent2|p
les|les|p
gresois|gresois2|p
dou|dou|p
chastel|chastel|p
##|##
desconfis|desconfis|p
et|et|p
hocis|hocis1|p
et|et|p
pris|pris6|p
##|##
,|,|p
si|si|p
se|se1|p
mistrent|mistrent|p
en|en|p
##|##
fuie|fuie|p
vers|vers|p
la|la|p
forteresse|forteresse|p
dou|dou|p
##|##
chastel|chastel|p
desconfis|desconfis1|p
et|et|p
hocis|hocis|p
et|et|p
##|##
pris|pris4|p
,|,|p
si|si|p
se|se1|p
mistrent|mistrent|p
##|##
de_denz|de_denz|p
le|le|p
chastel|chastel|p
et|et|p
cloistrent|cloistrent|p
##|##
les|les1|p
portes|portes|p
.|.|p
coment|coment|p
les|les|p
##|##
troiens|troiens|p
se|se1|p
recoillirent|recoillirent|p
desus|desus1|p
lor|lor5|p
##|##
nes|nes1|p
quant|quant|p
la|la|p
desconfiture|desconfiture|p
fu|fu1|p
##|##
ensi|ensi|p
fete|fete|p
,|,|p
les|les|p
troiens|troiens|p
##|##
se|se1|p
recoillirent|recoillirent|p
tot|tot5|p
sor|sor|p
lor|lor5|p
##|##
nes|nes1|p
,|,|p
fors|fors|p
le|le1|p
mors|mors3|p
##|##
qi|qi|p
asés|asés|p
en|en|p
remestrent|remestrent|p
en|en|p
##|##
la|la|p
contree|contree|p
,|,|p
qi|qi|p
ne|ne|p
##|##
retornerent|retornerent|p
à|à|p
troie|troie|p
jamés|jamés|p
,|,|p
##|##
de|de|p
qoi|qoi|p
lor|lor7|p
amis|amis2|p
plorerent|plorerent|p
##|##
et|et|p
plaignirent|plaignirent|p
lonc|lonc|p
tenz|tenz|p
aprés|aprés1|p
##|##
.|.|p
et|et|p
quant|quant|p
il|il1|p
furent|furent2|p
##|##
ensi|ensi|p
recoillis|recoillis1|p
,|,|p
il|il1|p
demorerent|demorerent|p
##|##
au|au|p
port|port|p
jusque|jusque|p
la|la|p
maitinee|maitinee|p
##|##
,|,|p
puis|puis|p
se|se1|p
mistrent|mistrent|p
à|à|p
##|##
la|la|p
voie|voie|p
car|car|p
li|li|p
tens|tens|p
##|##
estoit|estoit1|p
doux|doux|p
et|et|p
soëf|soëf|p
et|et|p
##|##
l’|l’|p
air|air1|p
estoit|estoit1|p
cler|cler|p
et|et|p
##|##
serin|serin|p
.|.|p
celui|celui1|p
jor|jor|p
nagerent|nagerent|p
##|##
jusque|jusque|p
soir|soir|p
fu|fu2|p
venus|venus|p
,|,|p
##|##
li|li|p
vent|vent1|p
baisa|baisa1|p
et|et|p
la|la|p
##|##
mer|mer|p
fu|fu|p
qoie|qoie|p
et|et|p
soëf|soëf1|p
##|##
.|.|p
il|il1|p
estoient|estoient1|p
en|en|p
moult|moult|p
##|##
grant|grant1|p
talent|talent|p
d’|d’|p
aler|aler|p
en|en|p
##|##
lor|lor1|p
païs|païs|p
,|,|p
por_ce|por_ce|p
prioient|prioient|p
##|##
tot|tot1|p
les|les|p
diex|diex|p
qi|qi|p
lor|lor4|p
##|##
donassent|donassent|p
bon|bon1|p
vent|vent|p
et|et|p
droiturier|droiturier|p
##|##
q’|q’1|p
il|il1|p
peüssent|peüssent|p
tost|tost|p
aler|aler|p
##|##
.|.|p
qe|qe2|p
vos|vos|p
doi|doi1|p
dire|dire|p
##|##
?|?|p
il|il1|p
nagerent|nagerent|p
tant|tant|p
as|as|p
estoilles|estoilles|p
##|##
et|et|p
au|au|p
soleil|soleil|p
q’|q’1|p
il|il1|p
##|##
ariverent|ariverent|p
avant|avant1|p
le|le1|p
set|set1|p
jors|jors|p
##|##
en|en|p
lor|lor2|p
contree|contree|p
.|.|p
ce|ce|p
##|##
fu|fu3|p
à|à|p
un|un|p
chastel|chastel|p
qi|qi|p
##|##
ert|ert|p
apellés|apellés|p
atenedon|atenedon|p
,|,|p
qi|qi|p
##|##
estoit|estoit|p
près_de|près_de|p
troie|troie|p
à|à|p
sis|sis|p
##|##
liues|liues|p
.|.|p
li|li|p
chastel|chastel1|p
estoit|estoit1|p
##|##
moult|moult|p
bel|bel|p
et|et|p
moult|moult|p
riche|riche2|p
##|##
et|et|p
delitable|delitable|p
,|,|p
si|si|p
i|i|p
##|##
demorerent|demorerent|p
cele|cele|p
nuit|nuit|p
moult|moult|p
haisiement|haisiement|p
##|##
.|.|p
maintenant|maintenant|p
prist|prist|p
paris|paris1|p
un|un|p
##|##
sien|sien|p
mesaje|mesaje1|p
,|,|p
si|si|p
l’|l’5|p
##|##
envoia|envoia|p
à|à|p
troie|troie|p
por|por|p
fere|fere|p
##|##
savoir|savoir1|p
au|au|p
roi|roi1|p
coment|coment|p
il|il|p
##|##
estoit|estoit3|p
arivés|arivés2|p
.|.|p
li|li|p
mesaje|mesaje|p
##|##
se|se|p
mist|mist|p
à|à|p
la|la|p
voie|voie|p
##|##
et|et|p
tant|tant|p
fist|fist|p
q’|q’1|p
il|il|p
##|##
vint|vint|p
devant|devant1|p
le|le|p
roi|roi1|p
et|et|p
##|##
li|li2|p
conta|conta|p
coment|coment|p
paris|paris1|p
et|et|p
##|##
sa|sa|p
conpaignie|conpaignie|p
estoient|estoient2|p
arivés|arivés3|p
à|à|p
##|##
atenedon|atenedon1|p
,|,|p
et|et|p
coment|coment|p
il|il1|p
##|##
avoient|avoient1|p
en|en|p
grese|grese|p
esploitiés|esploitiés|p
,|,|p
##|##
et|et|p
le|le|p
grant|grant1|p
gaaing|gaaing|p
et|et|p
##|##
la|la|p
grant|grant4|p
proie|proie|p
qu’|qu’|p
il|il1|p
##|##
avoient|avoient1|p
coillie|coillie|p
,|,|p
et|et|p
coment|coment|p
##|##
il|il1|p
avoient|avoient1|p
dame|dame|p
heleine|heleine|p
amenee|amenee|p
##|##
qi|qi|p
estoit|estoit1|p
fille|fille|p
au|au|p
roi|roi1|p
##|##
menelaus|menelaus|p
.|.|p
quant|quant|p
les|les|p
rois|rois|p
##|##
et|et|p
les|les|p
autres|autres1|p
barons|barons2|p
hoïrent|hoïrent|p
##|##
les|les1|p
novelles|novelles|p
,|,|p
il|il1|p
en|en|p
##|##
furent|furent4|p
moult|moult|p
aleigre|aleigre2|p
et|et|p
joieus|joieus|p
##|##
,|,|p
mes|mes|p
je|je|p
vos|vos|p
di|di|p
##|##
qe|qe3|p
cele|cele|p
grant|grant4|p
alegresse|alegresse|p
lor|lor4|p
##|##
retorna|retorna|p
puis|puis|p
en|en|p
grant|grant4|p
tristor|tristor|p
##|##
car|car|p
tels|tels|p
en|en|p
firent|firent|p
grant|grant4|p
##|##
joie|joie|p
qi|qi|p
en|en|p
furent|furent4|p
tristes|tristes|p
##|##
et|et|p
corrociéz|corrociéz3|p
à|à|p
desmesure|desmesure|p
.|.|p
##|##
ci|ci|p
dit|dit|p
coment|coment|p
dame|dame|p
helene|helene|p
##|##
se|se|p
demente|demente|p
et|et|p
se|se|p
plaint|plaint|p
##|##
ho|ho|p
les|les1|p
autres|autres3|p
dames|dames|p
et|et|p
##|##
damoiselles|damoiselles|p
qui|qui|p
avec|avec|p
li|li3|p
estoient|estoient3|p
##|##
prise|prise|p
ensi_com|ensi_com|p
je|je|p
vos|vos|p
ai|ai1|p
##|##
dit|dit4|p
,|,|p
s’|s’1|p
erbergerent|erbergerent|p
les|les|p
##|##
troienz|troienz2|p
cele|cele|p
nuit|nuit|p
à|à|p
atendon|atendon|p
##|##
.|.|p
quant|quant|p
dame|dame|p
heleine|heleine|p
se|se|p
##|##
vit|vit|p
arivee|arivee|p
en|en|p
estrange|estrange|p
contree|contree|p
##|##
et|et|p
loins|loins|p
de|de|p
son|son1|p
païs|païs|p
##|##
,|,|p
si|si|p
se|se|p
comensa|comensa|p
moult|moult|p
##|##
à|à|p
plaindre|plaindre|p
et|et|p
à|à|p
demencer|demencer|p
##|##
en_tel_mainiere|en_tel_mainiere|p
:|:|p
elle|elle|p
plaignoit|plaignoit1|p
son|son1|p
seignor|seignor|p
##|##
menelax|menelax|p
,|,|p
q’|q’|p
elle|elle|p
avoit|avoit2|p
##|##
ensi|ensi|p
pardus|pardus|p
,|,|p
elle|elle|p
regretoit|regretoit|p
##|##
sa|sa|p
valor|valor|p
et|et|p
sa|sa|p
cortesie|cortesie|p
##|##
et|et|p
sa|sa|p
grant|grant4|p
bonté|bonté|p
;|;|p
puis_aprés|puis_aprés|p
##|##
plaignoit|plaignoit1|p
les|les1|p
autes|autes|p
dames|dames|p
et|et|p
##|##
damoiselles|damoiselles|p
de|de|p
son|son1|p
païs|païs|p
,|,|p
##|##
qu’|qu’|p
elle|elle|p
veoit|veoit|p
prises|prises|p
avec|avec|p
##|##
li|li3|p
et|et|p
menees|menees1|p
en|en|p
servaje|servaje|p
##|##
;|;|p
aprés|aprés1|p
plaignoit|plaignoit1|p
ses|ses|p
barons|barons3|p
et|et|p
##|##
ses|ses|p
chevaliers|chevaliers3|p
,|,|p
qu’|qu’|p
elle|elle|p
##|##
voit|voit|p
pris|pris4|p
et|et|p
liés|liés|p
;|;|p
ensement|ensement|p
##|##
plaignoit|plaignoit1|p
son|son1|p
païs|païs|p
et|et|p
sa|sa|p
##|##
contree|contree|p
,|,|p
qi|qi|p
ensi|ensi|p
estoit|estoit2|p
##|##
gastee|gastee|p
et|et|p
derobee|derobee|p
;|;|p
soi|soi|p
meïsmes|meïsmes4|p
##|##
plaignoit|plaignoit1|p
elle|elle|p
moult|moult|p
durement|durement|p
,|,|p
##|##
si|si|p
demencoit|demencoit|p
sa|sa|p
grant|grant4|p
biauté|biauté|p
##|##
et|et|p
sa|sa|p
grant|grant4|p
seignorie|seignorie|p
et|et|p
##|##
son|son1|p
grant|grant1|p
savoir|savoir|p
qi|qi|p
vait|vait|p
##|##
en|en|p
servaje|servaje|p
fenir|fenir|p
.|.|p
moult|moult|p
##|##
tenoit|tenoit|p
dame|dame|p
heleine|heleine|p
grant|grant1|p
duel|duel1|p
##|##
selonc_q’|selonc_q’|p
elle|elle|p
demonstroit|demonstroit|p
.|.|p
les|les1|p
##|##
dames|dames|p
et|et|p
les|les1|p
damoiselles|damoiselles|p
,|,|p
##|##
qi|qi|p
voient|voient|p
lor|lor2|p
dame|dame|p
qi|qi|p
##|##
tel|tel2|p
duel|duel1|p
demenoit|demenoit|p
,|,|p
ne|ne|p
##|##
demandoient|demandoient|p
se|se2|p
la|la|p
mort|mort|p
non|non|p
##|##
,|,|p
car|car|p
elle|elle1|p
voient|voient|p
lor|lor2|p
##|##
dame|dame|p
prise|prise2|p
et|et|p
mener|mener|p
en|en|p
##|##
servaje|servaje|p
fenir|fenir|p
.|.|p
moult|moult|p
demenoit|demenoit|p
##|##
dame|dame|p
heleine|heleine|p
grant|grant1|p
duel|duel1|p
selonc_q’|selonc_q’|p
##|##
elle|elle|p
demostroit|demostroit|p
.|.|p
les|les1|p
dames|dames|p
##|##
et|et|p
les|les1|p
damoiselles|damoiselles|p
qui|qui|p
voient|voient|p
##|##
lor|lor2|p
dame|dame|p
prise|prise2|p
et|et|p
mener|mener|p
##|##
en|en|p
servaje|servaje|p
,|,|p
et|et|p
lor|lor4|p
##|##
meïsmes|meïsmes9|p
ausi|ausi|p
;|;|p
aprés|aprés1|p
voient|voient|p
lor|lor1|p
##|##
pere|pere1|p
et|et|p
lor|lor2|p
mere|mere|p
et|et|p
##|##
lor|lor6|p
freres|freres1|p
et|et|p
lor|lor6|p
bairons|bairons3|p
##|##
et|et|p
lor|lor5|p
serors|serors|p
et|et|p
lor|lor6|p
##|##
amis|amis3|p
mener|mener|p
en|en|p
servaje|servaje|p
pris|pris4|p
##|##
et|et|p
lïés|lïés1|p
;|;|p
aprés|aprés|p
ce|ce1|p
voient|voient|p
##|##
le|le1|p
homes|homes1|p
qe|qe|p
lor|lor7|p
parens|parens|p
##|##
charnels|charnels1|p
estoient|estoient|p
ensi_com|ensi_com|p
dit|dit4|p
vos|vos|p
##|##
ai|ai1|p
elle|elle1|p
ne|ne|p
poient|poient1|p
parler|parler|p
##|##
,|,|p
por_ce_qe|por_ce_qe|p
paris|paris1|p
les|les4|p
avoit|avoit2|p
##|##
tos|tos1|p
fet|fet4|p
metre|metre|p
en|en|p
despart|despart|p
##|##
de|de|p
femes|femes|p
.|.|p
li|li|p
duel|duel|p
##|##
estoit|estoit1|p
mervoilleus|mervoilleus|p
et|et|p
pesmés|pesmés1|p
et|et|p
##|##
la|la|p
criee|criee|p
tel|tel6|p
qe|qe3|p
l_en|l_en|p
##|##
nen|nen|p
oïst|oïst|p
diex|diex2|p
tonant|tonant|p
.|.|p
##|##
quant|quant|p
paris|paris1|p
hoï|hoï2|p
conter|conter|p
la|la|p
##|##
vie|vie|p
qe|qe1|p
dame|dame|p
heleine|heleine|p
menoit|menoit|p
##|##
,|,|p
il|il|p
en|en|p
fu|fu|p
corrociéz|corrociéz1|p
##|##
moult|moult|p
estrangement|estrangement|p
.|.|p
il|il|p
ala|ala|p
##|##
à|à|p
li|li3|p
reconforter|reconforter|p
,|,|p
c’|c’|p
##|##
il|il|p
peüst|peüst|p
,|,|p
et|et|p
l’|l’4|p
##|##
oster|oster|p
-la|-la|p
de|de|p
son|son1|p
plor|plor|p
##|##
;|;|p
si|si|p
commensa|commensa|p
en_tel_mainiere|en_tel_mainiere|p
.|.|p
coment|coment|p
##|##
paris|paris1|p
ala|ala|p
reconforter|reconforter|p
dame|dame|p
heleine|heleine|p
##|##
et|et|p
les|les1|p
autres|autres3|p
dames|dames|p
"|"||p
##|##
dame|dame|p
,|,|p
fist|fist|p
il|il|p
,|,|p
##|##
qe|qe4|p
doit|doit|p
ce|ce|p
estre|estre2|p
qe|qe1|p
##|##
vos|vos1|p
fetes|fetes|p
?|?|p
volés|volés|p
vos|vos1|p
vos|vos|p
##|##
tuer|tuer|p
?|?|p
car|car|p
vostre|vostre|p
duel|duel|p
ne|ne|p
##|##
fine|fine|p
ni|ni|p
jor|jor|p
ni|ni|p
nuit|nuit|p
##|##
.|.|p
je|je|p
vos|vos|p
di|di|p
q’|q’1|p
##|##
il|il2|p
n’|n’|p
i|i|p
est|est|p
si|si|p
##|##
dur|dur|p
cuor|cuor1|p
qe|qe1|p
vos|vos1|p
ne|ne|p
##|##
feïsiéz|feïsiéz|p
plorer|plorer|p
de|de|p
pitez|pitez|p
.|.|p
##|##
ne|ne|p
fetes|fetes2|p
dame|dame|p
,|,|p
por|por|p
##|##
dieu|dieu1|p
!|!|p
reconforté|reconforté|p
vos|vos1|p
ni|ni|p
##|##
ne|ne|p
fetes|fetes2|p
tel|tel2|p
duel|duel1|p
!|!|p
##|##
"|"||p
.|.|p
puis_qe|puis_qe|p
paris|paris1|p
hot|hot|p
##|##
si|si|p
reconfortee|reconfortee|p
dame|dame|p
heleine|heleine|p
,|,|p
##|##
il|il|p
commensa|commensa|p
à|à|p
reconforter|reconforter|p
les|les1|p
##|##
autres|autres3|p
dames|dames|p
et|et|p
damoiseles|damoiseles1|p
,|,|p
##|##
si|si|p
lor|lor4|p
dist|dist|p
:|:|p
"|"||p
vos|vos1|p
##|##
qe|qe|p
ensi|ensi|p
est|est6|p
desconfortees|desconfortees|p
,|,|p
##|##
ne|ne|p
menees|menees|p
tel|tel2|p
duel|duel1|p
ne|ne|p
##|##
ne|ne|p
vos|vos|p
desconfortés|desconfortés|p
si|si|p
durement|durement|p
##|##
,|,|p
car|car|p
je|je|p
vos|vos|p
promet|promet|p
##|##
loialment|loialment|p
qe|qe3|p
vos|vos1|p
demoirés|demoirés|p
en|en|p
##|##
cestui|cestui3|p
païs|païs|p
plus|plus|p
aisieement|aisieement|p
et|et|p
##|##
miels|miels|p
qe|qe3|p
en|en|p
celui|celui3|p
où|où|p
##|##
vos|vos1|p
fustes|fustes1|p
nees|nees|p
,|,|p
et|et|p
##|##
plus|plus|p
i|i|p
avrés|avrés1|p
de|de|p
joie|joie|p
##|##
et|et|p
de|de|p
soulaz|soulaz|p
et|et|p
de|de|p
##|##
desduit|desduit|p
.|.|p
car|car|p
je|je|p
vos|vos|p
##|##
di|di|p
qe|qe3|p
celle|celle1|p
qi|qi|p
avront|avront|p
##|##
lor|lor6|p
maris|maris|p
en|en|p
cestui|cestui3|p
païs|païs|p
##|##
poiront|poiront|p
demorer|demorer|p
o|o|p
els|els1|p
à|à|p
##|##
grant|grant1|p
soulaz|soulaz|p
et|et|p
à|à|p
grant|grant4|p
##|##
joie|joie|p
;|;|p
celle|celle1|p
qe|qe|p
maris|maris|p
nen|nen|p
##|##
avront|avront|p
,|,|p
poiront|poiront|p
lor|lor6|p
amis|amis3|p
##|##
avoir|avoir|p
et|et|p
estre|estre2|p
ho|ho|p
els|els1|p
##|##
sans|sans|p
contredit|contredit|p
;|;|p
celle|celle1|p
qi|qi|p
nen|nen|p
##|##
avront|avront|p
barons|barons1|p
ne|ne|p
amis|amis3|p
,|,|p
##|##
le|le5|p
poiront|poiront|p
prendre|prendre|p
à|à|p
tot|tot3|p
##|##
lor|lor1|p
voloir|voloir|p
et|et|p
estre|estre2|p
ho|ho|p
##|##
els|els1|p
à|à|p
moult|moult|p
grant|grant4|p
joie|joie|p
##|##
et|et|p
à|à|p
grant|grant1|p
soulaz|soulaz|p
"|"||p
##|##
.|.|p
quant|quant|p
il|il|p
ot|ot1|p
ensi|ensi|p
##|##
parlés|parlés|p
à|à|p
les|les1|p
dames|dames|p
et|et|p
##|##
à|à|p
les|les1|p
damoiselles|damoiselles|p
,|,|p
si|si|p
##|##
prist|prist|p
dame|dame|p
heleine|heleine|p
por|por|p
la|la|p
##|##
main|main|p
,|,|p
si|si|p
l’|l’4|p
enmena|enmena|p
##|##
de_sor|de_sor|p
un|un|p
riche|riche3|p
lit|lit1|p
por|por|p
##|##
li|li3|p
reconforter|reconforter|p
,|,|p
puis|puis|p
la|la1|p
##|##
mist|mist|p
à|à|p
paroules|paroules|p
et|et|p
li|li3|p
##|##
dist|dist|p
en_tel_mainiere|en_tel_mainiere|p
:|:|p
"|"||p
dame|dame|p
,|,|p
##|##
fist|fist|p
il|il|p
,|,|p
je|je|p
vos|vos|p
##|##
fais|fais|p
à|à|p
savoir|savoir1|p
qe|qe3|p
je|je|p
##|##
vos|vos|p
aime|aime|p
sor|sor|p
toutes|toutes|p
rienz|rienz2|p
##|##
vivant|vivant|p
et|et|p
vos|vos|p
tieng|tieng|p
chiere|chiere1|p
##|##
,|,|p
et|et|p
ensi|ensi|p
vos|vos|p
amerai|amerai|p
##|##
et|et|p
cherirai|cherirai1|p
tot|tot1|p
le|le1|p
jors|jors|p
##|##
de|de|p
ma|ma|p
vie|vie|p
.|.|p
si|si|p
##|##
vos|vos|p
esposerai|esposerai|p
à|à|p
grant|grant1|p
henor|henor|p
##|##
et|et|p
à|à|p
grant|grant4|p
joie|joie|p
;|;|p
si|si|p
##|##
vos|vos|p
di|di|p
qe|qe3|p
de|de|p
vostre|vostre2|p
##|##
venue|venue|p
fera|fera|p
feste|feste|p
et|et|p
joie|joie|p
##|##
tot|tot|p
l’|l’|p
enpire|enpire1|p
mon|mon1|p
pere|pere1|p
##|##
,|,|p
qe|qe3|p
je|je|p
vos|vos|p
aime|aime|p
##|##
ensi|ensi|p
veraiement|veraiement|p
com|com|p
je|je|p
fas|fas|p
##|##
.|.|p
aprés|aprés1|p
,|,|p
chere|chere|p
dame|dame|p
##|##
,|,|p
vos|vos|p
fais|fais|p
savoir|savoir1|p
qe|qe3|p
##|##
vos|vos1|p
serés|serés1|p
en|en|p
cestui|cestui3|p
enpire|enpire|p
##|##
cherie|cherie|p
et|et|p
hobeïe|hobeïe|p
et|et|p
servie|servie|p
##|##
et|et|p
honoree|honoree|p
ensi_come|ensi_come|p
aute|aute|p
roine|roine|p
##|##
:|:|p
tos|tos4|p
vos|vos|p
hobeïront|hobeïront|p
et|et|p
serviront|serviront|p
##|##
"|"||p
.|.|p
quant|quant|p
la|la|p
dame|dame|p
##|##
hot|hot3|p
ensi|ensi|p
paris|paris|p
parler|parler|p
,|,|p
##|##
elle|elle|p
li|li2|p
respondi|respondi|p
en_tel_mainiere|en_tel_mainiere|p
:|:|p
"|"||p
##|##
biau|biau|p
sire|sire|p
paris|paris1|p
,|,|p
je|je|p
##|##
voi|voi|p
bien|bien4|p
qe|qe3|p
à|à|p
vos|vos|p
##|##
ne|ne|p
me|me|p
poroie|poroie|p
je|je|p
defendre|defendre|p
##|##
,|,|p
et|et|p
por_ce|por_ce|p
me|me|p
convient|convient|p
##|##
il|il2|p
vostre|vostre2|p
volonté|volonté|p
hobeir|hobeir|p
et|et|p
##|##
fer|fer1|p
.|.|p
si|si|p
vos|vos|p
di|di|p
##|##
qe|qe3|p
,|,|p
se|se2|p
vos|vos|p
me|me|p
##|##
porterés|porterés|p
henor|henor|p
et|et|p
foi|foi|p
,|,|p
##|##
ce|ce|p
sera|sera3|p
vostre|vostre|p
grant|grant|p
henor|henor2|p
##|##
,|,|p
aprés|aprés1|p
ferés|ferés|p
grant|grant4|p
pitiez|pitiez|p
##|##
"|"||p
.|.|p
et|et|p
ensi|ensi|p
disant|disant|p
##|##
,|,|p
comensa|comensa|p
dame|dame|p
heleine|heleine|p
fort|fort|p
##|##
à|à|p
plorer|plorer|p
.|.|p
paris|paris1|p
la|la1|p
##|##
reconforta|reconforta|p
moult|moult|p
,|,|p
si|si|p
vos|vos|p
##|##
di|di|p
qe|qe3|p
moult|moult|p
la|la1|p
fist|fist1|p
##|##
la|la|p
nuit|nuit|p
honorer|honorer|p
et|et|p
servir|servir|p
##|##
.|.|p
coment|coment|p
menelax|menelax1|p
sot|sot1|p
qe|qe3|p
##|##
paris|paris1|p
li|li2|p
avoit|avoit2|p
sa|sa|p
feme|feme|p
##|##
tollue|tollue|p
la|la|p
novelle|novelle|p
fu|fu1|p
tost|tost|p
##|##
espandue|espandue|p
par|par|p
le|le|p
monde|monde1|p
si_come|si_come|p
##|##
paris|paris1|p
avoit|avoit2|p
le|le|p
tenple|tenple1|p
blisiéz|blisiéz|p
##|##
et|et|p
robés|robés|p
et|et|p
pris|pris5|p
les|les|p
##|##
homes|homes1|p
et|et|p
les|les1|p
femes|femes|p
et|et|p
##|##
hocis|hocis2|p
et|et|p
detrenchés|detrenchés2|p
.|.|p
et|et|p
##|##
avec|avec|p
ce|ce1|p
n’|n’1|p
avoit|avoit2|p
il|il|p
##|##
dame|dame|p
heleine|heleine|p
amenee|amenee|p
à|à|p
troie|troie|p
##|##
;|;|p
si|si|p
li|li2|p
fu|fu1|p
contés|contés1|p
q’|q’1|p
##|##
il|il|p
pooit|pooit2|p
ja|ja|p
estre|estre4|p
à|à|p
##|##
troie|troie|p
arivés|arivés2|p
.|.|p
quant|quant|p
menelax|menelax1|p
##|##
sot|sot|p
ceste|ceste1|p
novelle|novelle|p
,|,|p
il|il|p
##|##
en|en|p
fu|fu|p
moult|moult|p
doulenz|doulenz|p
et|et|p
##|##
tristes|tristes1|p
et|et|p
corrociéz|corrociéz1|p
.|.|p
il|il|p
##|##
torna|torna1|p
tot_maintenant|tot_maintenant|p
à|à|p
parches|parches|p
et|et|p
##|##
mena|mena|p
ho|ho|p
lui|lui|p
nestor|nestor|p
.|.|p
##|##
celui|celui|p
nestor|nestor1|p
estoit|estoit1|p
moult|moult|p
ami|ami|p
##|##
de|de|p
menelax|menelax|p
,|,|p
il|il|p
estoit|estoit1|p
##|##
moult|moult|p
riche|riche2|p
roi|roi|p
et|et|p
saje|saje|p
##|##
et|et|p
vaillant|vaillant|p
et|et|p
puissant|puissant|p
d’|d’|p
##|##
avoir|avoir1|p
et|et|p
de|de|p
chevaliers|chevaliers3|p
à|à|p
##|##
grant|grant4|p
mervoille|mervoille|p
;|;|p
de|de|p
son|son1|p
cors|cors|p
##|##
estoit|estoit1|p
il|il|p
mervoilleus|mervoilleus|p
chevaliers|chevaliers2|p
.|.|p
##|##
quant|quant|p
il|il1|p
furent|furent1|p
à|à|p
parches|parches|p
##|##
venus|venus1|p
,|,|p
il|il1|p
demanderent|demanderent1|p
à|à|p
##|##
qerre|qerre|p
agamenon|agamenon1|p
,|,|p
qe|qe|p
frere|frere|p
##|##
menelax|menelax|p
estoit|estoit1|p
,|,|p
q’|q’1|p
il|il|p
##|##
deüst|deüst|p
venir|venir|p
à|à|p
parche|parche|p
.|.|p
##|##
coment|coment|p
paris|paris1|p
s’|s’|p
en|en|p
ala|ala1|p
##|##
à|à|p
troie|troie|p
ho|ho|p
tot|tot3|p
son|son1|p
##|##
gaaing|gaaing|p
,|,|p
et|et|p
coment|coment|p
le|le|p
##|##
roi|roi|p
priant|priant|p
le|le4|p
receve|receve|p
honoreement|honoreement|p
##|##
et|et|p
ses|ses2|p
gent|gent|p
aussi|aussi|p
paris|paris1|p
##|##
et|et|p
sa|sa|p
conpaignie|conpaignie|p
,|,|p
qi|qi|p
##|##
estoient|estoient3|p
à|à|p
atenedon|atenedon1|p
herbergés|herbergés|p
,|,|p
##|##
quant|quant|p
vint|vint|p
la|la|p
maitinee|maitinee|p
qe|qe3|p
##|##
le|le|p
jor|jor1|p
fu|fu2|p
esclaris|esclaris|p
,|,|p
##|##
li|li|p
tens|tens|p
fesoit|fesoit2|p
moult|moult|p
cler|cler|p
##|##
et|et|p
biaux|biaux|p
,|,|p
il|il1|p
deschargerent|deschargerent|p
##|##
de|de|p
lor|lor5|p
nes|nes1|p
la|la|p
proie|proie|p
##|##
et|et|p
le|le|p
tresor|tresor|p
et|et|p
les|les|p
##|##
presoniers|presoniers|p
q’|q’|p
il|il1|p
avoient|avoient1|p
amenés|amenés|p
##|##
,|,|p
puis|puis|p
monterent|monterent|p
sor|sor|p
lor|lor6|p
##|##
richez|richez|p
palefroins|palefroins|p
qu’|qu’|p
il|il1|p
troverent|troverent|p
##|##
en_luec|en_luec|p
aparoillés|aparoillés1|p
,|,|p
si|si|p
se|se1|p
##|##
mistrent|mistrent|p
à|à|p
la|la|p
voie|voie|p
.|.|p
##|##
si|si|p
chevaucherent|chevaucherent|p
vers|vers|p
la|la|p
cité|cité|p
##|##
à|à|p
moult|moult|p
grant|grant4|p
joie|joie|p
et|et|p
##|##
à|à|p
moult|moult|p
grant|grant1|p
soulas|soulas|p
.|.|p
##|##
paris|paris1|p
convooit|convooit|p
dame|dame|p
heleine|heleine|p
et|et|p
##|##
li|li3|p
fesoit|fesoit|p
moult|moult|p
grant|grant1|p
henor|henor|p
##|##
et|et|p
moult|moult|p
la|la1|p
reconfortoit|reconfortoit|p
;|;|p
les|les1|p
##|##
autres|autres3|p
dames|dames|p
et|et|p
li|li2|p
prisons|prisons|p
##|##
fait|fait3|p
il|il|p
moult|moult|p
bien|bien4|p
aconpaignier|aconpaignier|p
##|##
et|et|p
guier|guier|p
d’|d’|p
autre|autre4|p
part|part|p
##|##
.|.|p
quant|quant|p
li|li|p
roi|roi|p
priant|priant|p
##|##
sot|sot1|p
come|come|p
paris|paris1|p
venoit|venoit|p
,|,|p
##|##
il|il|p
monta|monta|p
maintenant|maintenant|p
ho|ho|p
bone|bone|p
##|##
conpaignie|conpaignie|p
et|et|p
grant|grant4|p
de|de|p
haus|haus|p
##|##
barons|barons3|p
,|,|p
si|si|p
hoïstrent|hoïstrent|p
de|de|p
##|##
troie|troie|p
à_l_encontre|à_l_encontre|p
d’|d’|p
els|els1|p
puis_qe|puis_qe1|p
##|##
trois|trois|p
lieues|lieues|p
.|.|p
et|et|p
puis_q’|puis_q’|p
##|##
il|il1|p
furent|furent1|p
ensenble|ensenble|p
venus|venus1|p
,|,|p
##|##
li|li|p
rois|rois3|p
et|et|p
ses|ses|p
conpaignons|conpaignons|p
##|##
firent|firent|p
à|à|p
paris|paris|p
grant|grant4|p
joie|joie|p
##|##
et|et|p
grant|grant4|p
feste|feste|p
.|.|p
paris|paris1|p
##|##
fist|fist1|p
au|au|p
roi|roi1|p
presenter|presenter|p
tot|tot1|p
##|##
les|les|p
presoniers|presoniers|p
et|et|p
tos|tos2|p
le|le|p
##|##
tresor|tresor|p
q’|q’|p
il|il1|p
avoient|avoient1|p
gaaignés|gaaignés|p
##|##
;|;|p
il|il|p
meïsmes|meïsmes|p
li|li2|p
presenta|presenta|p
aprés|aprés|p
##|##
dame|dame|p
heleine|heleine|p
,|,|p
qi|qi|p
de|de|p
##|##
biauté|biauté|p
pasoit|pasoit|p
toutes|toutes|p
le|le3|p
dames|dames|p
##|##
mortels|mortels1|p
.|.|p
et|et|p
quant|quant|p
li|li|p
##|##
roi|roi|p
hot|hot|p
le|le|p
present|present|p
receüz|receüz1|p
##|##
,|,|p
il|il|p
en|en|p
mercia|mercia|p
moult|moult|p
##|##
son|son1|p
fiz|fiz1|p
et|et|p
tot|tot1|p
les|les|p
##|##
autres|autres|p
.|.|p
paris|paris1|p
li|li2|p
conta|conta|p
##|##
tot_ensi_com|tot_ensi_com|p
il|il|p
hot|hot|p
esploitiéz|esploitiéz|p
en|en|p
##|##
grese|grese|p
,|,|p
car|car|p
il|il|p
li|li2|p
##|##
dist|dist|p
premierement|premierement|p
coment|coment|p
il|il|p
estoit|estoit3|p
##|##
arivéz|arivéz|p
,|,|p
et|et|p
coment|coment|p
il|il1|p
##|##
roberent|roberent|p
le|le|p
tenple|tenple1|p
et|et|p
le|le4|p
##|##
briserent|briserent|p
,|,|p
et|et|p
pristrent|pristrent|p
les|les|p
##|##
homes|homes1|p
et|et|p
les|les1|p
femes|femes|p
et|et|p
##|##
les|les|p
rent|rent1|p
mes|mes|p
avant|avant|p
en|en|p
##|##
ocistrent|ocistrent1|p
asés|asés|p
,|,|p
et|et|p
coment|coment|p
##|##
il|il1|p
pristrent|pristrent|p
tot|tot3|p
le|le|p
tresor|tresor|p
##|##
et|et|p
les|les1|p
richesses|richesses|p
q’|q’|p
il|il1|p
##|##
troverent|troverent|p
.|.|p
et|et|p
puis_aprés|puis_aprés|p
li|li2|p
##|##
conta|conta|p
coment|coment|p
il|il1|p
reparoient|reparoient|p
à|à|p
##|##
lor|lor5|p
nes|nes1|p
quant|quant|p
il|il1|p
furent|furent2|p
##|##
asaillis|asaillis1|p
au|au|p
chemin|chemin|p
por|por|p
les|les|p
##|##
gresois|gresois1|p
,|,|p
et|et|p
la|la|p
grant|grant4|p
##|##
desconfiture|desconfiture|p
qu’|qu’|p
il|il1|p
firent|firent|p
par|par|p
##|##
nuit|nuit|p
,|,|p
et|et|p
coment|coment|p
il|il1|p
##|##
chargerent|chargerent|p
de_sus|de_sus|p
lor|lor5|p
nes|nes1|p
l’|l’|p
##|##
avoir|avoir1|p
et|et|p
les|les|p
presoniers|presoniers|p
.|.|p
##|##
quant|quant|p
li|li|p
roi|roi|p
hot|hot|p
tot_ce|tot_ce1|p
##|##
entendus|entendus|p
,|,|p
il|il|p
en|en|p
fu|fu|p
##|##
moult|moult|p
liez|liez|p
et|et|p
joiant|joiant1|p
et|et|p
##|##
moult|moult|p
en|en|p
loa|loa|p
paris|paris|p
.|.|p
##|##
puis_aprés|puis_aprés|p
prist|prist|p
il|il|p
meïsmes|meïsmes|p
dame|dame|p
##|##
heleine|heleine|p
par|par|p
le|le|p
noel|noel|p
dou|dou|p
##|##
frain|frain|p
,|,|p
qi|qi|p
d’|d’|p
or|or1|p
##|##
estoit|estoit1|p
,|,|p
si|si|p
la|la1|p
condusoit|condusoit|p
##|##
il|il|p
tot|tot|p
seul|seul1|p
por|por|p
l’|l’|p
##|##
amor|amor2|p
son|son1|p
fiz|fiz1|p
;|;|p
si|si|p
li|li2|p
##|##
resenbloit|resenbloit|p
,|,|p
quant|quant|p
il|il|p
la|la1|p
##|##
miroit|miroit|p
,|,|p
la|la|p
flors|flors|p
de|de|p
##|##
toutes|toutes|p
biautés|biautés|p
.|.|p
ensi|ensi|p
la|la1|p
##|##
conduisoit|conduisoit|p
li|li|p
roi|roi|p
com|com|p
je|je|p
##|##
vos|vos|p
ai|ai1|p
dit|dit4|p
.|.|p
si|si|p
##|##
disoit|disoit|p
bien|bien4|p
à|à|p
soi|soi|p
meïsmes|meïsmes1|p
##|##
q’|q’1|p
il|il|p
avra|avra|p
desormés|desormés|p
,|,|p
##|##
se|se4|p
cuide|cuide|p
,|,|p
sa|sa|p
suor|suor|p
##|##
efionan|efionan|p
qe|qe1|p
les|les|p
gresois|gresois2|p
hont|hont|p
##|##
longuement|longuement|p
tenue|tenue2|p
;|;|p
bien|bien4|p
en|en|p
cuide|cuide1|p
##|##
avoir|avoir|p
raison|raison|p
à|à|p
sa|sa|p
volonté|volonté|p
##|##
et|et|p
à|à|p
sa|sa|p
devise|devise|p
.|.|p
##|##
moult|moult|p
se|se|p
reconforte|reconforte|p
li|li|p
roi|roi|p
##|##
priant|priant|p
de|de|p
dame|dame|p
heleine|heleine|p
,|,|p
##|##
si|si|p
la|la1|p
pria|pria|p
moult|moult|p
doucement|doucement|p
##|##
q’|q’1|p
elle|elle|p
se|se|p
reconfortast|reconfortast|p
car|car|p
##|##
voirement|voirement|p
le|le6|p
sache|sache1|p
elle|elle|p
q’|q’1|p
##|##
il|il|p
li|li3|p
fera|fera|p
tot|tot3|p
l’|l’|p
##|##
enor|enor|p
et|et|p
tot|tot3|p
le|le|p
bien|bien1|p
##|##
q’|q’|p
il|il|p
poira|poira1|p
,|,|p
et|et|p
##|##
q’|q’1|p
il|il|p
la|la1|p
feira|feira|p
roine|roine|p
##|##
de|de|p
son|son1|p
reigne|reigne|p
,|,|p
de|de|p
##|##
qoi|qoi|p
elle|elle|p
sera|sera1|p
moult|moult|p
honoree|honoree|p
##|##
à|à|p
son|son1|p
vivant|vivant1|p
.|.|p
tant|tant|p
##|##
chevaucherent|chevaucherent|p
en_tel_mainiere|en_tel_mainiere|p
en_si|en_si|p
parlant|parlant|p
q’|q’1|p
##|##
il|il1|p
vindrent|vindrent|p
à|à|p
troie|troie|p
,|,|p
##|##
si|si|p
entrerent|entrerent|p
de_denz|de_denz|p
la|la|p
cité|cité|p
##|##
et|et|p
chevauchere|chevauchere|p
par|par|p
les|les1|p
rues|rues|p
##|##
amont|amont|p
.|.|p
li|li|p
pueple|pueple|p
de|de|p
##|##
la|la|p
ville|ville|p
lor|lor4|p
vint|vint|p
à_l_encontre|à_l_encontre|p
##|##
por|por|p
veoir|veoir|p
cele|cele|p
proie|proie|p
et|et|p
##|##
cele|cele|p
victoire|victoire|p
.|.|p
si|si|p
vos|vos|p
##|##
di|di|p
qe|qe3|p
vos|vos1|p
ne|ne|p
veïstes|veïstes|p
##|##
honque|honque|p
ni|ni|p
oïstes|oïstes|p
parler|parler|p
de|de|p
##|##
si|si|p
mervoilleuse|mervoilleuse|p
feste|feste|p
come|come|p
fu|fu|p
##|##
celle|celle|p
et|et|p
honorés|honorés2|p
entre|entre|p
paris|paris|p
##|##
et|et|p
sa|sa|p
conpaignie|conpaignie|p
.|.|p
lendemains|lendemains|p
##|##
aprés|aprés1|p
espousa|espousa|p
paris|paris1|p
dame|dame|p
heleine|heleine|p
##|##
por|por|p
la|la|p
volonté|volonté|p
son|son1|p
pere|pere1|p
##|##
à|à|p
moult|moult|p
grant|grant1|p
henor|henor|p
et|et|p
##|##
à|à|p
moult|moult|p
grant|grant4|p
hautesse|hautesse|p
,|,|p
##|##
car|car|p
tos|tos7|p
cels|cels|p
de|de|p
la|la|p
##|##
ville|ville|p
festoierent|festoierent|p
viii|viii|p
jors|jors|p
tos|tos1|p
##|##
entiers|entiers|p
.|.|p
si|si|p
fist|fist2|p
li|li|p
##|##
roi|roi|p
adonques|adonques|p
moult|moult|p
grant|grant5|p
nosses|nosses|p
##|##
tel|tel7|p
qe|qe3|p
jamés|jamés|p
si|si|p
grant|grant5|p
##|##
ne|ne|p
furent|furent2|p
veües|veües|p
en|en|p
·ulle|·ulle|p
##|##
terre|terre|p
.|.|p
li|li|p
roi|roi|p
se|se|p
##|##
tient|tient1|p
à|à|p
guerri|guerri|p
,|,|p
et|et|p
##|##
tos|tos7|p
les|les|p
autres|autres1|p
troienz|troienz2|p
ausi|ausi|p
##|##
,|,|p
de|de|p
ce_q’|ce_q’|p
il|il1|p
ont|ont1|p
##|##
si|si|p
laidis|laidis|p
lor|lor6|p
henemis|henemis|p
.|.|p
##|##
le|le|p
grant|grant1|p
duel|duel1|p
qe|qe1|p
cassandre|cassandre|p
##|##
demeine|demeine|p
de|de|p
la|la|p
verité|verité|p
heleine|heleine|p
##|##
ensi|ensi|p
dura|dura|p
la|la|p
feste|feste|p
et|et|p
##|##
la|la|p
joie|joie|p
de_dens|de_dens|p
la|la|p
cité|cité|p
##|##
com|com|p
dit|dit4|p
vos|vos|p
ai|ai1|p
,|,|p
##|##
por|por|p
henor|henor|p
de|de|p
la|la|p
victoire|victoire|p
##|##
q’|q’|p
il|il1|p
avoient|avoient1|p
eüe|eüe|p
.|.|p
##|##
dame|dame|p
heleine|heleine|p
fu|fu1|p
moult|moult|p
honoree|honoree|p
##|##
et|et|p
moult|moult|p
cherie|cherie|p
dou|dou|p
roi|roi1|p
##|##
priant|priant1|p
et|et|p
de|de|p
la|la|p
roine|roine|p
##|##
ecuba|ecuba|p
et|et|p
de|de|p
freres|freres1|p
paris|paris|p
##|##
ausi|ausi|p
;|;|p
les|les1|p
sereor|sereor|p
paris|paris|p
la|la1|p
##|##
conjoïrent|conjoïrent|p
et|et|p
honorerent|honorerent|p
asés|asés|p
de|de|p
##|##
tot|tot3|p
lor|lor1|p
poïr|poïr|p
fors|fors|p
casandre|casandre|p
##|##
seulement|seulement|p
.|.|p
à|à|p
celi|celi|p
desplest|desplest|p
##|##
moult|moult|p
la|la|p
venue|venue|p
dame|dame|p
heleine|heleine|p
##|##
et|et|p
moult|moult|p
li|li3|p
grieve|grieve|p
por_ce_q’|por_ce_q’|p
##|##
elle|elle|p
set|set|p
veraiement|veraiement|p
qe|qe3|p
por|por|p
##|##
li|li3|p
sera|sera1|p
troie|troie|p
destruite|destruite|p
et|et|p
##|##
isilliee|isilliee|p
;|;|p
elle|elle|p
plore|plore|p
et|et|p
plaint|plaint1|p
##|##
moult|moult|p
durement|durement|p
,|,|p
elle|elle|p
crie|crie|p
##|##
et|et|p
blait|blait|p
ausi_com|ausi_com|p
feme|feme|p
forsenee|forsenee|p
##|##
,|,|p
elle|elle|p
crioit|crioit|p
aute|aute|p
vois|vois1|p
##|##
et|et|p
disoit|disoit|p
à|à|p
tot|tot3|p
le|le|p
##|##
pueple|pueple1|p
q’|q’1|p
elle|elle|p
savoit|savoit1|p
certainement|certainement|p
##|##
qe|qe3|p
por_ce|por_ce|p
seroit|seroit|p
troie|troie|p
destruite|destruite|p
##|##
,|,|p
et|et|p
qe|qe3|p
jamés|jamés|p
aprés|aprés1|p
##|##
ne|ne|p
seroit|seroit|p
abitee|abitee|p
.|.|p
"|"||p
##|##
haï_las|haï_las|p
,|,|p
fet|fet1|p
casandre|casandre|p
,|,|p
##|##
noble|noble|p
cité|cité|p
de|de|p
troie|troie|p
,|,|p
##|##
qe|qe2|p
grant|grant|p
damaje|damaje|p
sera|sera3|p
de|de|p
##|##
vos|vos|p
quant|quant|p
l_en|l_en|p
vos|vos|p
veira|veira|p
##|##
ardoir|ardoir|p
et|et|p
ceste|ceste1|p
belle|belle|p
tor|tor|p
##|##
trebuchier|trebuchier|p
et|et|p
cheïr|cheïr|p
et|et|p
les|les|p
##|##
riches|riches2|p
tenples|tenples|p
et|et|p
les|les1|p
maison|maison1|p
##|##
ausi|ausi|p
!|!|p
haï|haï|p
roi|roi|p
priant|priant|p
##|##
,|,|p
come|come|p
ceste|ceste|p
est|est|p
aventure|aventure|p
##|##
par|par|p
toi|toi|p
!|!|p
haï|haï|p
ecuba|ecuba|p
##|##
,|,|p
mere|mere|p
doux|doux1|p
,|,|p
qe|qe2|p
##|##
dolereuse|dolereuse|p
noriture|noriture|p
vos|vos1|p
verrois|verrois|p
de|de|p
##|##
nos|nos4|p
enfains|enfains|p
!|!|p
car|car|p
vos|vos1|p
##|##
les|les4|p
veirés|veirés|p
morir|morir|p
à|à|p
doulor|doulor|p
##|##
et|et|p
finer|finer|p
à|à|p
martir|martir|p
,|,|p
##|##
car|car|p
tos|tos5|p
les|les4|p
verrois|verrois|p
hocir|hocir|p
##|##
tos|tos5|p
et|et|p
detrenchier|detrenchier|p
;|;|p
et|et|p
vostre|vostre3|p
##|##
belle|belle1|p
filles|filles|p
morir|morir|p
et|et|p
tel|tel|p
##|##
mener|mener|p
en|en|p
servaje|servaje|p
!|!|p
li|li|p
##|##
roi|roi1|p
priant|priant1|p
meïsmes|meïsmes1|p
vereois|vereois|p
vos|vos1|p
##|##
hocis|hocis3|p
et|et|p
detrenchés|detrenchés1|p
.|.|p
haï|haï|p
##|##
roi|roi|p
priant|priant|p
,|,|p
qel|qel3|p
consoil|consoil1|p
##|##
prenderés|prenderés|p
vos|vos1|p
de|de|p
vostre|vostre2|p
belle|belle|p
##|##
mainee|mainee|p
qi|qi|p
en|en|p
tel|tel8|p
perils|perils|p
##|##
avés|avés|p
mise|mise|p
et|et|p
toute|toute|p
vostre|vostre2|p
##|##
baronie|baronie|p
ausi|ausi|p
!|!|p
et|et|p
de|de|p
##|##
vostre|vostre2|p
cité|cité|p
qi|qi|p
doit|doit|p
estre|estre|p
##|##
destruite|destruite|p
sans|sans|p
faillir|faillir|p
!|!|p
haï|haï|p
##|##
belles|belles|p
dames|dames|p
et|et|p
damoiseles|damoiseles1|p
,|,|p
##|##
pensés|pensés1|p
de|de|p
vostre|vostre2|p
vie|vie|p
sauver|sauver|p
##|##
et|et|p
garentir|garentir|p
!|!|p
car|car|p
vostre|vostre2|p
##|##
mort|mort|p
est|est|p
trop|trop|p
prochaine|prochaine|p
,|,|p
##|##
li|li|p
terme|terme1|p
s’|s’|p
aproche|aproche|p
durement|durement|p
##|##
.|.|p
je|je|p
ne|ne|p
me|me|p
puis|puis1|p
##|##
penser|penser|p
où|où|p
je|je|p
tantes|tantes|p
lermes|lermes|p
##|##
prendra|prendra|p
et|et|p
vos|vos1|p
ausi|ausi|p
com|com|p
##|##
il|il2|p
ne|ne|p
convendra|convendra|p
rendre|rendre|p
.|.|p
##|##
nostre|nostre2|p
doulor|doulor2|p
sera|sera3|p
si|si|p
desmesuré|desmesuré|p
##|##
qe|qe3|p
l’|l’1|p
une|une1|p
pasmera|pasmera|p
delés|delés|p
##|##
l’|l’1|p
autre|autre8|p
;|;|p
si|si|p
vorront|vorront|p
morir|morir|p
##|##
et|et|p
non|non|p
poirons|poirons|p
"|"||p
.|.|p
##|##
ensi|ensi|p
disoit|disoit|p
casandre|casandre|p
la|la|p
saje|saje3|p
##|##
à|à|p
aute|aute|p
vois|vois1|p
come|come|p
celle|celle|p
##|##
qi|qi|p
bien|bien4|p
savoit|savoit1|p
la|la|p
verité|verité|p
##|##
,|,|p
qe|qe3|p
tot_ce|tot_ce|p
devoit|devoit|p
avenir|avenir|p
##|##
q’|q’|p
elle|elle|p
disoit|disoit|p
.|.|p
li|li|p
##|##
roi|roi|p
priant|priant|p
la|la1|p
fist|fist1|p
prendre|prendre|p
##|##
et|et|p
metre|metre|p
en|en|p
une|une|p
chanbre|chanbre|p
##|##
loing_de|loing_de|p
gent|gent|p
,|,|p
là_où|là_où|p
il|il|p
##|##
la|la1|p
fist|fist1|p
longuement|longuement|p
demorer|demorer|p
.|.|p
##|##
me|me2|p
je|je|p
vos|vos|p
di|di|p
qe|qe3|p
##|##
miels|miels|p
lor|lor4|p
venist|venist|p
qi|qi1|p
l’|l’4|p
##|##
eüssent|eüssent|p
creüe|creüe1|p
et|et|p
escoutee|escoutee|p
.|.|p
##|##
mes|mes|p
ore|ore2|p
laisse|laisse|p
li|li|p
contes|contes|p
##|##
à|à|p
parler|parler|p
de|de|p
cels|cels1|p
de|de|p
##|##
troie|troie|p
,|,|p
si|si|p
vos|vos|p
devisera|devisera|p
##|##
coment|coment|p
li|li|p
roi|roi|p
menelax|menelax1|p
esploita|esploita|p
##|##
de|de|p
sa|sa|p
feme|feme|p
heleine|heleine|p
qi|qi|p
##|##
tollue|tollue1|p
li|li2|p
fu|fu1|p
en_si_com|en_si_com|p
dit|dit4|p
##|##
vos|vos|p
ai|ai1|p
.|.|p
